Company,Item,Calories,Calories From Fat,Total Fat (g),Saturated Fat (g),Trans Fat (g),Cholesterol (mg),Sodium (mg),Total Carbohydrates (g),Dietary Fiber (g),Sugars (g),Protein (g),Total Fat (% Daily Value),Saturated Fat (% Daily Value),Cholesterol (% Daily Value),Sodium (% Daily Value),Total Carbohydrates (% Daily Value),Dietary Fiber (% Daily Value),Protein (% Daily Value),Vitamin A (% Daily Value),Vitamin C (% Daily Value),Calcium (% Daily Value),Iron (% Daily Value),Category,FreeStyle Points,SmartPoints,PointsPlus
A&W,Baby Burger without Cheese,240,72,8.0,3.0,0.2,25.0,450.0,29.0,1.0,5.0,12.0,12.0,15.0,8.0,19.0,10.0,4.0,24.0,0.0,0.0,4.0,15.0,Burgers,8.0,8.0,6.0
A&W,Baby Burger with Cheese,298,117,13.0,6.0,0.4,35.0,550.0,29.0,1.0,6.0,15.0,20.0,30.0,12.0,23.0,10.0,4.0,30.0,6.0,0.0,10.0,20.0,Burgers,10.0,10.0,8.0
A&W,Beyond Meat Burger,500,261,29.0,5.0,0.0,5.0,1110.0,40.0,3.0,8.0,22.0,45.0,25.0,2.0,46.0,13.0,12.0,44.0,0.0,4.0,6.0,45.0,Burgers,15.0,15.0,14.0
A&W,Buddy Burger without Cheese,310,117,13.0,4.5,0.2,30.0,700.0,36.0,2.0,10.0,13.0,20.0,23.0,10.0,29.0,12.0,8.0,26.0,0.0,0.0,4.0,15.0,Burgers,11.0,11.0,8.0
A&W,Buddy Burger with Cheese,370,144,16.0,7.0,0.3,40.0,770.0,35.0,2.0,9.0,16.0,25.0,35.0,13.0,32.0,12.0,8.0,32.0,6.0,0.0,10.0,15.0,Burgers,13.0,13.0,9.0
A&W,Cheddar Bacon Uncle Burger,760,432,48.0,19.0,1.0,120.0,1160.0,38.0,1.0,8.0,39.0,74.0,95.0,40.0,48.0,13.0,4.0,78.0,10.0,4.0,20.0,35.0,Burgers,25.0,25.0,20.0
A&W,without Cheese Double Buddy Burger,400,171,19.0,8.0,0.4,55.0,830.0,36.0,2.0,10.0,21.0,29.0,40.0,18.0,35.0,12.0,8.0,42.0,0.0,0.0,4.0,20.0,Burgers,13.0,13.0,11.0
A&W,with Cheese Double Buddy Burger,460,198,22.0,10.0,0.5,70.0,900.0,35.0,2.0,9.0,24.0,34.0,50.0,23.0,38.0,12.0,8.0,48.0,6.0,0.0,10.0,20.0,Burgers,15.0,15.0,11.0
A&W,Double Teen Burger,680,351,39.0,17.0,1.0,115.0,1090.0,39.0,1.0,10.0,39.0,60.0,85.0,38.0,45.0,13.0,4.0,78.0,6.0,6.0,10.0,35.0,Burgers,23.0,23.0,18.0
A&W,Grandpa Burger without Cheese,760,414,46.0,19.0,1.5,140.0,1090.0,38.0,1.0,9.0,47.0,71.0,95.0,47.0,45.0,13.0,4.0,94.0,0.0,2.0,4.0,45.0,Burgers,25.0,25.0,20.0
A&W,Grandpa Burger with Cheese,820,450,50.0,22.0,1.5,155.0,1170.0,37.0,1.0,8.0,51.0,77.0,110.0,52.0,49.0,12.0,4.0,102.0,6.0,2.0,10.0,45.0,Burgers,27.0,27.0,21.0
A&W,Lettuce Wrapped Baby Burger without Cheese,110,54,6.0,3.0,0.0,25.0,230.0,4.0,0.0,3.0,8.0,9.0,15.0,8.0,10.0,1.0,0.0,16.0,0.0,0.0,0.0,4.0,Burgers,4.0,4.0,3.0
A&W,Lettuce Wrapped Baby Burger with Cheese,170,81,9.0,5.5,0.3,40.0,330.0,4.0,0.0,3.0,11.0,14.0,28.0,13.0,14.0,1.0,0.0,22.0,4.0,0.0,6.0,8.0,Burgers,6.0,6.0,4.0
A&W,Lettuce Wrapped Beyond Meat Burger,340,234,26.0,4.0,0.0,5.0,880.0,10.0,2.0,4.0,17.0,40.0,20.0,2.0,37.0,3.0,8.0,34.0,0.0,4.0,2.0,30.0,Burgers,10.0,10.0,9.0
A&W,Lettuce Wrapped Buddy Burger without Cheese,180,99,11.0,4.0,0.2,28.0,480.0,11.0,1.0,7.0,9.0,17.0,20.0,9.0,20.0,4.0,4.0,18.0,0.0,0.0,0.0,4.0,Burgers,7.0,7.0,5.0
A&W,Lettuce Wrapped Buddy Burger with Cheese,240,126,14.0,6.5,0.3,43.0,580.0,11.0,1.0,7.0,12.0,22.0,33.0,14.0,24.0,4.0,4.0,24.0,4.0,0.0,8.0,4.0,Burgers,9.0,9.0,6.0
A&W,Lettuce Wrapped Cheddar Bacon Uncle Burger,610,405,45.0,19.0,1.0,120.0,930.0,8.0,0.0,4.0,34.0,69.0,95.0,40.0,39.0,3.0,0.0,68.0,10.0,4.0,15.0,20.0,Burgers,21.0,21.0,16.0
A&W,without Cheese Lettuce Wrapped Double Buddy Burger,270,153,17.0,7.0,0.4,53.0,610.0,11.0,1.0,7.0,17.0,26.0,35.0,18.0,25.0,4.0,4.0,34.0,0.0,0.0,0.0,8.0,Burgers,9.0,9.0,7.0
A&W,with Cheese Lettuce Wrapped Double Buddy Burger,330,180,20.0,9.5,0.5,68.0,710.0,11.0,1.0,7.0,20.0,31.0,48.0,23.0,30.0,4.0,4.0,40.0,4.0,0.0,8.0,8.0,Burgers,12.0,12.0,8.0
A&W,Lettuce Wrapped Double Teen Burger,520,315,35.0,16.0,1.0,115.0,860.0,9.0,0.0,6.0,34.0,54.0,80.0,38.0,36.0,3.0,0.0,68.0,4.0,6.0,6.0,20.0,Burgers,18.0,18.0,13.0
A&W,Lettuce Wrapped Grandpa Burger without Cheese,610,387,43.0,18.5,1.5,140.0,860.0,8.0,0.0,5.0,43.0,66.0,93.0,47.0,36.0,3.0,0.0,86.0,0.0,2.0,0.0,30.0,Burgers,20.0,20.0,16.0
A&W,Lettuce Wrapped Grandpa Burger with Cheese,670,414,46.0,21.0,1.5,155.0,960.0,8.0,0.0,5.0,46.0,71.0,105.0,52.0,40.0,3.0,0.0,92.0,4.0,2.0,6.0,30.0,Burgers,22.0,22.0,17.0
A&W,without Cheese Lettuce Wrapped Mama Burger,250,153,17.0,6.5,0.5,50.0,500.0,8.0,0.0,5.0,15.0,26.0,33.0,17.0,21.0,3.0,0.0,30.0,0.0,2.0,0.0,10.0,Burgers,9.0,9.0,7.0
A&W,with Cheese Lettuce Wrapped Mama Burger,310,180,20.0,9.0,0.5,65.0,600.0,8.0,0.0,5.0,18.0,31.0,45.0,22.0,25.0,3.0,0.0,36.0,4.0,2.0,6.0,10.0,Burgers,11.0,11.0,8.0
A&W,Single Lettuce Wrapped Mozza Burger,460,324,36.0,12.5,1.0,80.0,570.0,7.0,0.0,5.0,22.0,55.0,63.0,27.0,24.0,2.0,0.0,44.0,8.0,8.0,15.0,10.0,Burgers,16.0,16.0,12.0
A&W,Double Lettuce Wrapped Mozza Burger,640,441,49.0,18.5,1.5,125.0,750.0,7.0,0.0,5.0,36.0,75.0,93.0,42.0,31.0,2.0,0.0,72.0,8.0,8.0,15.0,20.0,Burgers,22.0,22.0,17.0
A&W,Lettuce Wrapped Papa Burger without Cheese,430,270,30.0,12.5,1.0,95.0,680.0,8.0,0.0,5.0,29.0,46.0,63.0,32.0,28.0,3.0,0.0,58.0,0.0,2.0,0.0,20.0,Burgers,14.0,14.0,11.0
A&W,Lettuce Wrapped Papa Burger with Cheese,490,297,33.0,15.0,1.0,110.0,780.0,8.0,0.0,5.0,32.0,51.0,75.0,37.0,33.0,3.0,0.0,64.0,4.0,2.0,6.0,20.0,Burgers,16.0,16.0,12.0
A&W,Lettuce Wrapped Teen Burger,340,198,22.0,10.0,0.5,70.0,680.0,9.0,0.0,6.0,20.0,34.0,50.0,23.0,28.0,3.0,0.0,40.0,4.0,6.0,6.0,10.0,Burgers,12.0,12.0,8.0
A&W,without Cheese Mama Burger,400,180,20.0,7.0,0.5,50.0,730.0,38.0,1.0,9.0,19.0,31.0,35.0,17.0,30.0,13.0,4.0,38.0,0.0,2.0,4.0,25.0,Burgers,13.0,13.0,11.0
A&W,with Cheese Mama Burger,460,216,24.0,10.0,0.5,55.0,800.0,37.0,1.0,8.0,23.0,37.0,50.0,18.0,33.0,12.0,4.0,46.0,6.0,2.0,10.0,25.0,Burgers,15.0,15.0,12.0
A&W,Single Mozza Burger,620,351,39.0,13.0,1.0,80.0,800.0,37.0,1.0,9.0,27.0,60.0,65.0,27.0,33.0,12.0,4.0,54.0,8.0,8.0,20.0,25.0,Burgers,21.0,21.0,16.0
A&W,Double Mozza Burger,800,468,52.0,19.0,1.5,125.0,980.0,37.0,1.0,9.0,41.0,80.0,95.0,42.0,41.0,12.0,4.0,82.0,8.0,8.0,20.0,35.0,Burgers,27.0,27.0,21.0
A&W,Papa Burger without Cheese,580,297,33.0,13.0,1.0,95.0,910.0,38.0,1.0,9.0,33.0,51.0,65.0,32.0,38.0,13.0,4.0,66.0,0.0,2.0,4.0,35.0,Burgers,19.0,19.0,16.0
A&W,Papa Burger with Cheese,640,333,37.0,16.0,1.0,110.0,990.0,37.0,1.0,8.0,37.0,57.0,80.0,37.0,41.0,12.0,4.0,74.0,6.0,2.0,10.0,35.0,Burgers,21.0,21.0,17.0
A&W,Teen Burger,500,234,26.0,11.0,0.5,70.0,910.0,39.0,1.0,10.0,25.0,40.0,55.0,23.0,38.0,13.0,4.0,50.0,6.0,6.0,10.0,25.0,Burgers,17.0,17.0,13.0
A&W,Bacon Ranch Chicken Wrap,270,126,14.0,3.0,0.1,20.0,680.0,24.0,2.0,0.5,9.0,22.0,15.0,7.0,28.0,8.0,8.0,18.0,0.0,0.0,4.0,15.0,Chicken,7.0,8.0,7.0
A&W,BLT Chicken Burger,700,378,42.0,6.0,0.1,85.0,1530.0,51.0,4.0,5.0,27.0,65.0,30.0,28.0,64.0,17.0,16.0,54.0,0.0,4.0,4.0,25.0,Chicken,19.0,21.0,18.0
A&W,Chicken Buddy Burger,360,171,19.0,2.0,0.0,20.0,780.0,36.0,2.0,5.0,10.0,29.0,10.0,7.0,33.0,12.0,8.0,20.0,0.0,0.0,4.0,16.0,Chicken,9.0,11.0,10.0
A&W,3 Piece Chicken Strips,300,135,15.0,1.0,0.0,45.0,880.0,25.0,1.0,1.0,17.0,23.0,5.0,15.0,37.0,8.0,4.0,34.0,0.0,2.0,0.0,25.0,Chicken,7.0,8.0,8.0
A&W,5 Piece Chicken Strips,500,225,25.0,2.0,0.0,75.0,1460.0,41.0,2.0,2.0,28.0,38.0,10.0,25.0,61.0,14.0,8.0,56.0,0.0,4.0,0.0,40.0,Chicken,11.0,13.0,13.0
A&W,Chubby Chicken Burger,490,243,27.0,3.0,0.0,40.0,1190.0,44.0,2.0,4.0,21.0,42.0,15.0,13.0,50.0,15.0,8.0,42.0,0.0,0.0,6.0,25.0,Chicken,12.0,14.0,13.0
A&W,Double Chicken Buddy Burger,480,225,25.0,3.0,0.0,35.0,1080.0,46.0,3.0,7.0,16.0,38.0,15.0,12.0,45.0,15.0,12.0,32.0,0.0,0.0,4.0,20.0,Chicken,11.0,15.0,13.0
A&W,Lettuce Wrapped BLT Chicken Burger,460,315,35.0,5.0,0.0,55.0,1170.0,14.0,1.0,1.0,21.0,54.0,25.0,18.0,49.0,5.0,4.0,42.0,0.0,4.0,2.0,10.0,Chicken,12.0,13.0,12.0
A&W,Lettuce Wrapped Chicken Buddy Burger,230,153,17.0,2.0,0.0,25.0,570.0,10.0,1.0,1.0,8.0,26.0,10.0,8.0,24.0,3.0,4.0,16.0,0.0,0.0,0.0,4.0,Chicken,5.0,7.0,6.0
A&W,Lettuce Wrapped Chubby Chicken Burger,370,243,27.0,2.0,0.0,45.0,760.0,17.0,1.0,3.0,17.0,42.0,10.0,15.0,32.0,6.0,4.0,34.0,2.0,20.0,0.0,8.0,Chicken,9.0,10.0,10.0
A&W,Lettuce Wrapped Double Chicken Buddy Burger,350,207,23.0,3.0,0.0,45.0,870.0,19.0,2.0,2.0,15.0,35.0,15.0,15.0,36.0,6.0,8.0,30.0,0.0,0.0,0.0,8.0,Chicken,7.0,10.0,9.0
A&W,Lettuce Wrapped Spicy Habanero Chicken Burger,370,243,27.0,2.0,0.0,45.0,760.0,17.0,1.0,3.0,17.0,42.0,10.0,15.0,32.0,6.0,4.0,34.0,2.0,20.0,0.0,8.0,Chicken,9.0,10.0,10.0
A&W,Nashville Hot Chicken Sandwich,590,225,25.0,4.0,0.2,65.0,1380.0,58.0,8.0,11.0,31.0,38.0,20.0,22.0,58.0,19.0,32.0,62.0,7.0,0.0,3.0,2.0,Chicken,15.0,17.0,15.0
A&W,Spicy Chipotle Chicken Wrap,270,144,16.0,3.0,0.1,28.0,640.0,24.0,2.0,0.0,10.0,25.0,15.0,9.0,27.0,8.0,8.0,20.0,2.0,0.0,8.0,15.0,Chicken,7.0,8.0,7.0
A&W,Spicy Habanero Chicken Burger,520,270,30.0,3.0,0.1,45.0,990.0,47.0,2.0,7.0,22.0,46.0,15.0,15.0,41.0,16.0,8.0,44.0,2.0,20.0,4.0,20.0,Chicken,13.0,15.0,15.0
A&W,All Canadian Special,920,468,52.0,13.5,0.0,430.0,1270.0,72.0,6.0,13.0,38.0,80.0,68.0,143.0,53.0,24.0,24.0,76.0,20.0,15.0,10.0,40.0,Breakfast,27.0,29.0,24.0
A&W,Bacon & Egger on English Muffin,380,189,21.0,8.0,0.0,215.0,620.0,29.0,1.0,1.0,18.0,32.0,40.0,72.0,26.0,10.0,4.0,36.0,20.0,0.0,25.0,20.0,Breakfast,11.0,12.0,10.0
A&W,Bacon & Egger on Sesame Seed Bun,400,207,23.0,8.0,0.0,215.0,590.0,32.0,1.0,4.0,19.0,35.0,40.0,72.0,25.0,11.0,4.0,38.0,20.0,0.0,15.0,25.0,Breakfast,12.0,13.0,11.0
A&W,Breakfast Wrap,230,108,12.0,5.0,0.0,200.0,430.0,18.0,1.0,2.0,13.0,18.0,25.0,67.0,18.0,6.0,4.0,26.0,10.0,0.0,10.0,15.0,Breakfast,6.0,7.0,6.0
A&W,Cheese & Egger on English Muffin,340,162,18.0,6.0,0.0,205.0,510.0,29.0,1.0,1.0,15.0,28.0,30.0,68.0,21.0,10.0,4.0,30.0,15.0,0.0,25.0,20.0,Breakfast,10.0,11.0,9.0
A&W,Cheese & Egger on Sesame Seed Bun,360,180,20.0,7.0,0.0,205.0,480.0,32.0,1.0,4.0,15.0,31.0,35.0,68.0,20.0,11.0,4.0,30.0,20.0,0.0,15.0,25.0,Breakfast,11.0,12.0,10.0
A&W,Classic Bacon & Eggs,550,243,27.0,9.0,0.0,400.0,820.0,43.0,4.0,2.0,30.0,42.0,45.0,133.0,34.0,14.0,16.0,60.0,20.0,0.0,10.0,35.0,Breakfast,15.0,16.0,14.0
A&W,Hash Brown,180,99,11.0,0.5,0.0,0.0,270.0,18.0,2.0,0.0,2.0,17.0,3.0,0.0,11.0,6.0,8.0,4.0,0.0,15.0,0.0,4.0,Breakfast,5.0,5.0,5.0
A&W,Pancakes with Syrup,590,153,17.0,3.0,0.0,25.0,720.0,98.0,2.0,51.0,9.0,26.0,15.0,8.0,30.0,33.0,8.0,18.0,45.0,0.0,10.0,25.0,Breakfast,24.0,24.0,16.0
A&W,Sausage & Cheddar on English Muffin,440,243,27.0,10.0,0.0,30.0,670.0,30.0,1.0,2.0,17.0,42.0,50.0,10.0,28.0,10.0,4.0,34.0,15.0,0.0,30.0,15.0,Breakfast,15.0,15.0,12.0
A&W,Sausage & Cheddar on Sesame Seed Bun,460,261,29.0,11.0,0.0,55.0,640.0,33.0,1.0,5.0,17.0,45.0,55.0,18.0,27.0,11.0,4.0,34.0,15.0,0.0,15.0,20.0,Breakfast,16.0,16.0,13.0
A&W,Sausage & Egger on English Muffin,510,288,32.0,12.0,0.0,31.0,750.0,31.0,1.0,2.0,24.0,49.0,60.0,10.0,31.0,10.0,4.0,48.0,20.0,0.0,30.0,25.0,Breakfast,16.0,17.0,14.0
A&W,Sausage & Egger on Sesame Seed Bun,530,306,34.0,12.0,0.0,245.0,720.0,34.0,1.0,5.0,24.0,52.0,60.0,82.0,30.0,11.0,4.0,48.0,20.0,0.0,30.0,30.0,Breakfast,17.0,18.0,15.0
A&W,Barbecue Dipping Sauce,60,4.5,0.5,0.4,0.2,0.0,220.0,13.0,0.0,12.0,0.0,1.0,2.0,0.0,9.0,4.0,0.0,0.0,0.0,0.0,0.0,3.0,Condiments,3.0,3.0,2.0
A&W,Chipotle Mayonnaise,360,360,40.0,4.0,0.0,20.0,260.0,4.0,0.0,4.0,0.0,62.0,20.0,7.0,11.0,1.0,0.0,0.0,0.0,0.0,0.0,0.0,Condiments,12.0,12.0,11.0
A&W,Small Gravy,50,18,2.0,1.0,0.0,5.0,840.0,5.0,2.0,1.0,3.0,3.0,5.0,2.0,35.0,2.0,8.0,6.0,0.0,0.0,0.0,2.0,Condiments,2.0,2.0,1.0
A&W,Regular Gravy,100,36,4.0,2.0,0.0,10.0,1680.0,10.0,4.0,2.0,6.0,6.0,10.0,3.0,70.0,3.0,16.0,12.0,0.0,0.0,0.0,4.0,Condiments,3.0,3.0,2.0
A&W,Honey Mustard Dipping Sauce,100,72,8.0,0.5,0.1,10.0,200.0,8.0,0.0,6.0,0.0,12.0,3.0,3.0,8.0,3.0,0.0,0.0,0.0,0.0,0.0,2.0,Condiments,4.0,4.0,3.0
A&W,Jalapeno Ranch Dipping Sauce,110,99,11.0,0.8,0.2,10.0,250.0,2.0,0.0,1.0,1.0,17.0,4.0,3.0,10.0,1.0,0.0,2.0,0.0,0.0,2.0,0.0,Condiments,4.0,4.0,3.0
A&W,Sweet & Sour Dipping Sauce,60,0,0.0,0.0,0.0,0.0,140.0,14.0,0.0,11.0,0.0,0.0,0.0,0.0,6.0,5.0,0.0,0.0,0.0,0.0,0.0,0.0,Condiments,3.0,3.0,2.0
A&W,Small Apple Juice,180,0,0.0,0.0,0.0,0.0,15.0,44.0,0.0,40.0,0.0,0.0,0.0,0.0,1.0,15.0,0.0,0.0,0.0,300.0,0.0,0.0,Drinks,10.0,10.0,5.0
A&W,Large Apple Juice,300,0,0.0,0.0,0.0,0.0,25.0,73.0,0.0,73.0,0.0,0.0,0.0,0.0,1.0,24.0,0.0,0.0,0.0,500.0,0.0,0.0,Drinks,18.0,18.0,8.0
A&W,Chocolate Milk,150,22.5,2.5,1.5,0.1,15.0,170.0,26.0,0.0,25.0,8.0,4.0,8.0,5.0,7.0,9.0,0.0,16.0,10.0,0.0,25.0,4.0,Drinks,7.0,7.0,4.0
A&W,Small Chocolate Milkshake,420,99,11.0,7.0,0.3,45.0,270.0,69.0,1.0,63.0,12.0,17.0,35.0,15.0,11.0,23.0,4.0,24.0,10.0,0.0,40.0,4.0,Drinks,21.0,21.0,11.0
A&W,Large Chocolate Milkshake,700,162,18.0,11.0,0.5,75.0,450.0,115.0,2.0,105.0,20.0,28.0,55.0,25.0,19.0,38.0,8.0,40.0,15.0,0.0,70.0,6.0,Drinks,35.0,35.0,19.0
A&W,Small Coca-Cola,140,0,0.0,0.0,0.0,0.0,27.0,39.0,0.0,39.0,0.0,0.0,0.0,0.0,1.0,13.0,0.0,0.0,0.0,0.0,0.0,0.0,Drinks,9.0,9.0,4.0
A&W,Large Coca-Cola,240,0,0.0,0.0,0.0,0.0,45.0,65.0,0.0,65.0,0.0,0.0,0.0,0.0,2.0,22.0,0.0,0.0,0.0,0.0,0.0,0.0,Drinks,15.0,15.0,7.0
A&W,Coffee,296,0,0.0,0.0,0.0,0.0,5.0,1.0,0.0,0.0,0.0,0.0,0.0,0.0,0.0,0.0,0.0,0.0,0.0,0.0,0.0,0.0,Drinks,9.0,9.0,0.0
A&W,Small Diet Coke,0,0,0.0,0.0,0.0,0.0,50.0,0.0,0.0,0.0,0.0,0.0,0.0,0.0,2.0,0.0,0.0,0.0,0.0,0.0,0.0,0.0,Drinks,0.0,0.0,0.0
A&W,Large Diet Coke,0,0,0.0,0.0,0.0,0.0,100.0,0.0,0.0,0.0,0.0,0.0,0.0,0.0,4.0,0.0,0.0,0.0,0.0,0.0,0.0,0.0,Drinks,0.0,0.0,0.0
A&W,Small Diet Root Beer,1,0,0.0,0.0,0.0,0.0,100.0,0.0,0.0,0.0,0.0,0.0,0.0,0.0,4.0,0.0,0.0,0.0,0.0,0.0,0.0,0.0,Drinks,0.0,0.0,0.0
A&W,Large Diet Root Beer,1,0,0.0,0.0,0.0,0.0,170.0,0.0,0.0,0.0,0.0,0.0,0.0,0.0,7.0,0.0,0.0,0.0,0.0,0.0,0.0,0.0,Drinks,0.0,0.0,0.0
A&W,Hot Chocolate,160,4.5,0.5,0.5,0.0,0.0,210.0,26.0,1.0,21.0,1.0,1.0,3.0,0.0,9.0,9.0,4.0,2.0,0.0,0.0,10.0,0.0,Drinks,7.0,7.0,3.0
A&W,Small Iced Tea,110,0,0.0,0.0,0.0,0.0,45.0,30.0,0.0,30.0,0.0,0.0,0.0,0.0,2.0,10.0,0.0,0.0,0.0,0.0,0.0,0.0,Drinks,7.0,7.0,3.0
A&W,Large Iced Tea,190,0,0.0,0.0,0.0,0.0,75.0,50.0,0.0,50.0,0.0,0.0,0.0,0.0,3.0,17.0,0.0,0.0,0.0,0.0,0.0,0.0,Drinks,12.0,12.0,5.0
A&W,Small Lemonade,140,0,0.0,0.0,0.0,0.0,0.0,33.0,0.0,33.0,0.0,0.0,0.0,0.0,0.0,11.0,0.0,0.0,0.0,30.0,0.0,0.0,Drinks,8.0,8.0,4.0
A&W,Large Lemonade,340,0,0.0,0.0,0.0,0.0,0.0,55.0,0.0,55.0,0.0,0.0,0.0,0.0,0.0,18.0,0.0,0.0,0.0,60.0,0.0,0.0,Drinks,17.0,17.0,6.0
A&W,Milk,130,45,5.0,3.0,0.1,20.0,120.0,12.0,0.0,12.0,8.0,8.0,15.0,7.0,5.0,4.0,0.0,16.0,10.0,0.0,25.0,0.0,Drinks,5.0,5.0,3.0
A&W,Small Orange Juice,160,0,0.0,0.0,0.0,0.0,0.0,40.0,0.0,36.0,0.0,0.0,0.0,0.0,0.0,13.0,0.0,0.0,0.0,180.0,2.0,0.0,Drinks,9.0,9.0,4.0
A&W,Large Orange Juice,270,0,0.0,0.0,0.0,0.0,0.0,68.0,0.0,60.0,0.0,0.0,0.0,0.0,0.0,23.0,0.0,0.0,0.0,300.0,4.0,0.0,Drinks,15.0,15.0,7.0
A&W,Small Root Beer,160,0,0.0,0.0,0.0,0.0,75.0,39.0,0.0,38.0,0.0,0.0,0.0,0.0,3.0,13.0,0.0,0.0,0.0,0.0,0.0,0.0,Drinks,9.0,9.0,4.0
A&W,Large Root Beer,270,0,0.0,0.0,0.0,0.0,120.0,65.0,0.0,63.0,0.0,0.0,0.0,0.0,5.0,22.0,0.0,0.0,0.0,0.0,0.0,0.0,Drinks,16.0,16.0,7.0
A&W,Diet Root Beer Float,140,63,7.0,4.5,0.3,30.0,105.0,17.0,0.0,14.0,2.0,11.0,23.0,10.0,4.0,6.0,0.0,4.0,8.0,0.0,6.0,0.0,Drinks,7.0,7.0,4.0
A&W,Regular Root Beer Float,310,63,7.0,4.5,0.3,30.0,85.0,59.0,0.0,56.0,3.0,11.0,23.0,10.0,4.0,20.0,0.0,6.0,8.0,0.0,6.0,0.0,Drinks,17.0,17.0,8.0
A&W,Small Root Beer Milkshake,420,99,11.0,7.0,0.3,45.0,300.0,70.0,1.0,82.0,12.0,17.0,35.0,15.0,13.0,23.0,4.0,24.0,10.0,0.0,40.0,1.0,Drinks,23.0,23.0,11.0
A&W,Large Root Beer Milkshake,700,162,18.0,11.0,0.5,75.0,500.0,116.0,2.0,104.0,20.0,28.0,55.0,25.0,21.0,39.0,8.0,40.0,15.0,0.0,70.0,2.0,Drinks,35.0,35.0,19.0
A&W,Small Sprite,140,0,0.0,0.0,0.0,0.0,65.0,38.0,0.0,38.0,0.0,0.0,0.0,0.0,3.0,13.0,0.0,0.0,0.0,0.0,0.0,0.0,Drinks,9.0,9.0,4.0
A&W,Large Sprite,240,0,0.0,0.0,0.0,0.0,110.0,64.0,0.0,64.0,0.0,0.0,0.0,0.0,5.0,21.0,0.0,0.0,0.0,0.0,0.0,0.0,Drinks,15.0,15.0,7.0
A&W,Small Strawberry Milkshake,410,99,11.0,7.0,0.3,45.0,250.0,68.0,1.0,62.0,12.0,17.0,35.0,15.0,10.0,23.0,4.0,24.0,10.0,0.0,40.0,1.0,Drinks,21.0,21.0,11.0
A&W,Large Strawberry Milkshake,690,162,18.0,11.0,0.5,75.0,450.0,115.0,2.0,104.0,20.0,28.0,55.0,25.0,19.0,38.0,8.0,40.0,15.0,0.0,70.0,2.0,Drinks,35.0,35.0,19.0
A&W,Tea,3,0,0.0,0.0,0.0,0.0,8.0,1.0,0.0,0.0,0.0,0.0,0.0,0.0,0.0,0.0,0.0,0.0,0.0,0.0,0.0,0.0,Drinks,0.0,0.0,0.0
A&W,Small Vanilla Milkshake,410,99,11.0,7.0,0.3,45.0,250.0,68.0,1.0,62.0,12.0,17.0,35.0,15.0,10.0,23.0,4.0,24.0,10.0,0.0,40.0,1.0,Drinks,21.0,21.0,11.0
A&W,Large Vanilla Milkshake,690,162,18.0,11.0,0.5,75.0,420.0,114.0,1.0,104.0,20.0,28.0,55.0,25.0,18.0,38.0,4.0,40.0,15.0,0.0,70.0,2.0,Drinks,35.0,35.0,19.0
A&W,Apple Turnover,280,135,15.0,3.5,0.0,0.0,190.0,38.0,1.0,14.0,3.0,23.0,18.0,0.0,8.0,13.0,4.0,6.0,0.0,35.0,0.0,8.0,Sides,11.0,11.0,8.0
A&W,Cherry Turnover,200,72,8.0,4.0,0.0,0.0,280.0,32.0,1.0,11.0,2.0,12.0,20.0,0.0,12.0,11.0,4.0,4.0,0.0,0.0,0.0,8.0,Sides,8.0,8.0,6.0
A&W,Kids Fries,250,108,12.0,1.0,0.0,35.0,360.0,35.0,3.0,0.0,3.0,18.0,5.0,12.0,15.0,12.0,12.0,6.0,0.0,0.0,2.0,4.0,Sides,8.0,8.0,7.0
A&W,Regular Fries,390,162,18.0,1.5,0.0,54.0,550.0,54.0,5.0,0.0,5.0,28.0,8.0,18.0,23.0,18.0,20.0,10.0,0.0,0.0,2.0,6.0,Sides,12.0,12.0,11.0
A&W,Onion Rings,520,288,32.0,2.5,0.1,50.0,630.0,50.0,4.0,6.0,7.0,49.0,13.0,17.0,26.0,17.0,16.0,14.0,0.0,0.0,6.0,20.0,Sides,16.0,16.0,14.0
A&W,Poutine,660,333,37.0,13.0,1.0,65.0,1770.0,61.0,8.0,1.0,22.0,57.0,65.0,22.0,74.0,20.0,32.0,44.0,15.0,0.0,40.0,10.0,Sides,22.0,22.0,18.0
A&W,Root Beer Lollipop,35,0,0.0,0.0,0.0,0.0,0.0,9.0,0.0,6.0,0.0,0.0,0.0,0.0,0.0,3.0,0.0,0.0,0.0,0.0,0.0,0.0,Sides,2.0,2.0,1.0
Kfc,Extra Crispy Chicken Drumstick,150,81,9.0,1.5,0.0,80.0,320.0,2.0,0.0,0.0,15.0,14.0,8.0,27.0,13.0,1.0,0.0,30.0,0.0,0.0,1.0,4.0,Chicken,4.0,4.0,4.0
Kfc,Extra Crispy Chicken Wing,190,117,13.0,2.0,0.1,60.0,340.0,4.0,0.0,0.0,14.0,20.0,10.0,20.0,14.0,1.0,0.0,28.0,0.0,0.0,1.0,6.0,Chicken,5.0,5.0,5.0
Kfc,Extra Crispy Chicken Thigh,250,162,18.0,3.0,0.1,85.0,340.0,7.0,0.0,0.0,15.0,28.0,15.0,28.0,14.0,2.0,0.0,30.0,0.0,0.0,1.0,7.0,Chicken,7.0,7.0,7.0
Kfc,Extra Crispy Chicken Rib,310,153,17.0,2.5,0.1,100.0,550.0,7.0,0.0,0.0,31.0,26.0,13.0,33.0,23.0,2.0,0.0,62.0,0.0,0.0,2.0,7.0,Chicken,6.0,7.0,8.0
Kfc,Extra Crispy Chicken Keel,350,180,20.0,3.0,0.1,100.0,600.0,10.0,0.0,0.0,33.0,31.0,15.0,33.0,25.0,3.0,0.0,66.0,0.0,0.0,2.0,7.0,Chicken,8.0,8.0,9.0
Kfc,Hot & Spicy Chicken Drumstick,170,90,10.0,1.5,0.0,70.0,230.0,3.0,0.0,0.0,16.0,15.0,8.0,23.0,10.0,1.0,0.0,32.0,0.0,0.0,1.0,4.0,Chicken,4.0,4.0,4.0
Kfc,Hot & Spicy Chicken Wing,210,126,14.0,2.0,0.1,65.0,240.0,6.0,0.0,0.0,14.0,22.0,10.0,22.0,10.0,2.0,0.0,28.0,0.0,0.0,6.0,4.0,Chicken,6.0,6.0,6.0
Kfc,Hot & Spicy Chicken Thigh,310,207,23.0,3.5,0.1,85.0,350.0,13.0,0.0,0.0,14.0,35.0,18.0,28.0,15.0,4.0,0.0,28.0,0.0,0.0,7.0,7.0,Chicken,9.0,9.0,9.0
Kfc,Hot & Spicy Chicken Rib,360,189,21.0,3.0,0.1,90.0,470.0,14.0,0.0,0.0,28.0,32.0,15.0,30.0,20.0,5.0,0.0,56.0,0.0,0.0,14.0,7.0,Chicken,8.0,9.0,9.0
Kfc,Hot & Spicy Chicken Keel,410,207,23.0,3.5,0.1,100.0,560.0,13.0,0.0,0.0,36.0,35.0,18.0,33.0,23.0,4.0,0.0,72.0,0.0,0.0,16.0,10.0,Chicken,10.0,10.0,11.0
Kfc,Original Recipe Chicken Tender,100,45,5.0,0.5,0.0,25.0,350.0,5.0,0.0,1.0,10.0,8.0,3.0,8.0,15.0,2.0,0.0,20.0,0.0,2.0,0.0,2.0,Chicken,2.0,2.0,3.0
Kfc,Original Recipe Chicken Drumstick,140,72,8.0,2.0,0.0,70.0,150.0,2.0,0.0,0.0,15.0,12.0,10.0,23.0,6.0,1.0,0.0,30.0,0.0,0.0,4.0,4.0,Chicken,3.0,3.0,4.0
Kfc,Original Recipe Chicken Wing,160,81,9.0,2.0,0.0,65.0,210.0,4.0,0.0,0.0,14.0,14.0,10.0,22.0,9.0,1.0,0.0,28.0,0.0,0.0,3.0,4.0,Chicken,4.0,4.0,4.0
Kfc,Original Recipe Chicken Thigh,220,135,15.0,3.0,0.0,80.0,300.0,6.0,0.0,0.0,15.0,23.0,15.0,27.0,13.0,2.0,0.0,30.0,0.0,0.0,5.0,4.0,Chicken,6.0,6.0,6.0
Kfc,Original Recipe Chicken Rib,270,135,15.0,3.0,0.0,90.0,420.0,6.0,0.0,0.0,29.0,23.0,15.0,30.0,18.0,2.0,0.0,58.0,0.0,0.0,7.0,6.0,Chicken,5.0,6.0,7.0
Kfc,Original Recipe Chicken Keel,290,117,13.0,2.0,0.0,105.0,420.0,8.0,0.0,0.0,35.0,20.0,10.0,35.0,18.0,3.0,0.0,70.0,0.0,0.0,10.0,6.0,Chicken,6.0,6.0,7.0
Kfc,Chocolate Chip Cookie,140,63,7.0,3.5,0.1,6.0,106.0,19.0,1.0,11.0,2.0,11.0,18.0,2.0,4.0,6.0,4.0,4.0,0.0,0.0,8.0,1.0,Desserts,6.0,6.0,4.0
Kfc,Ice Cream Cone,190,54,6.0,4.0,0.0,25.0,125.0,29.0,0.0,24.0,5.0,9.0,20.0,8.0,5.0,10.0,0.0,10.0,0.0,2.0,15.0,2.0,Desserts,9.0,9.0,5.0
Kfc,Strawberry Swirl Cheesecake,320,153,17.0,10.0,0.5,55.0,250.0,36.0,1.0,23.0,7.0,26.0,50.0,18.0,10.0,12.0,4.0,14.0,10.0,2.0,10.0,2.0,Desserts,15.0,15.0,9.0
Kfc,7UP,240,0,0.0,0.0,0.0,0.0,70.0,64.0,0.0,63.0,0.0,0.0,0.0,0.0,3.0,21.0,0.0,0.0,0.0,0.0,0.0,0.0,Drinks,15.0,15.0,7.0
Kfc,Apple Juice,120,0,0.0,0.0,0.0,0.0,10.0,28.0,0.0,24.0,0.0,0.0,0.0,0.0,0.0,9.0,0.0,0.0,0.0,100.0,0.0,0.0,Drinks,7.0,7.0,3.0
Kfc,Aquafina Water,0,0,0.0,0.0,0.0,0.0,0.0,0.0,0.0,0.0,0.0,0.0,0.0,0.0,0.0,0.0,0.0,0.0,0.0,0.0,0.0,0.0,Drinks,0.0,0.0,0.0
Kfc,Chocolate Milk,160,22.5,2.5,1.5,0.0,15.0,180.0,27.0,0.0,25.0,7.0,4.0,8.0,5.0,8.0,9.0,0.0,14.0,15.0,0.0,25.0,6.0,Drinks,8.0,8.0,4.0
Kfc,Diet Pepsi,0,0,0.0,0.0,0.0,0.0,60.0,0.0,0.0,0.0,0.0,0.0,0.0,0.0,3.0,0.0,0.0,0.0,0.0,0.0,0.0,0.0,Drinks,0.0,0.0,0.0
Kfc,Dr Pepper,240,0,0.0,0.0,0.0,0.0,95.0,64.0,0.0,63.0,0.0,0.0,0.0,0.0,4.0,21.0,0.0,0.0,0.0,0.0,0.0,0.0,Drinks,15.0,15.0,7.0
Kfc,Lipton Brisk Iced Tea,180,0,0.0,0.0,0.0,0.0,160.0,47.0,0.0,47.0,0.0,0.0,0.0,0.0,7.0,16.0,0.0,0.0,0.0,0.0,0.0,0.0,Drinks,11.0,11.0,5.0
Kfc,Mountain Dew,290,0,0.0,0.0,0.0,0.0,105.0,77.0,0.0,77.0,0.0,0.0,0.0,0.0,4.0,26.0,0.0,0.0,77.0,0.0,0.0,0.0,Drinks,18.0,18.0,8.0
Kfc,Mug Root Beer,260,0,0.0,0.0,0.0,0.0,105.0,71.0,0.0,71.0,0.0,0.0,0.0,0.0,4.0,24.0,0.0,0.0,0.0,0.0,0.0,0.0,Drinks,16.0,16.0,8.0
Kfc,Orange Crush,267,0,0.0,0.0,0.0,0.0,117.0,72.0,0.0,72.0,0.0,0.0,0.0,0.0,5.0,24.0,0.0,0.0,0.0,0.0,0.0,0.0,Drinks,17.0,17.0,8.0
Kfc,Orange Juice,115,0,0.0,0.0,0.0,0.0,26.0,28.0,0.0,23.0,2.0,0.0,0.0,0.0,1.0,9.0,0.0,4.0,0.0,100.0,2.0,2.0,Drinks,6.0,6.0,3.0
Kfc,Pepsi,251,0,0.0,0.0,0.0,0.0,55.0,66.0,0.0,66.0,0.0,0.0,0.0,0.0,2.0,22.0,0.0,0.0,0.0,0.0,0.0,0.0,Drinks,16.0,16.0,7.0
Kfc,Original Big Crunch Sandwich,610,297,33.0,4.0,0.3,45.0,1054.0,57.0,4.0,4.0,25.0,51.0,20.0,15.0,44.0,19.0,16.0,50.0,1.0,2.0,6.0,27.0,Sandwiches & Wraps,16.0,18.0,17.0
Kfc,Spicy Big Crunch Sandwich,620,306,34.0,4.1,0.3,57.0,1062.0,57.0,4.0,4.0,25.0,52.0,21.0,19.0,44.0,19.0,16.0,50.0,2.0,2.0,6.0,27.0,Sandwiches & Wraps,18.0,18.0,17.0
Kfc,Double Down,610,360,40.0,9.0,0.5,150.0,1530.0,17.0,2.0,4.0,46.0,62.0,45.0,50.0,64.0,6.0,8.0,92.0,4.0,0.0,20.0,20.0,Sandwiches & Wraps,15.0,17.0,16.0
Kfc,Original Double Tender Sandwich,470,189,21.0,2.8,0.1,57.0,1051.0,48.0,2.0,7.0,27.0,32.0,14.0,19.0,44.0,16.0,8.0,54.0,1.0,4.0,4.0,20.0,Sandwiches & Wraps,12.0,13.0,13.0
Kfc,Spicy Double Tender Sandwich,520,243,27.0,3.8,0.2,63.0,1097.0,47.0,2.0,6.0,27.0,42.0,19.0,21.0,46.0,16.0,8.0,54.0,2.0,5.0,4.0,27.0,Sandwiches & Wraps,13.0,15.0,14.0
Kfc,Original Famous Chicken Sandwich,522,234,26.0,3.6,0.3,58.0,996.0,47.0,3.0,8.0,26.0,40.0,18.0,19.0,42.0,16.0,12.0,52.0,0.0,0.0,6.0,23.0,Sandwiches & Wraps,14.0,15.0,14.0
Kfc,Spicy Famous Chicken Sandwich,528,243,27.0,3.8,0.3,71.0,1004.0,47.0,3.0,8.0,26.0,42.0,19.0,24.0,42.0,16.0,12.0,52.0,2.0,0.0,6.0,24.0,Sandwiches & Wraps,14.0,15.0,14.0
Kfc,Original Kentucky Flatbread,290,108,12.0,2.0,0.0,25.0,660.0,30.0,1.0,3.0,15.0,18.0,10.0,8.0,28.0,10.0,4.0,30.0,0.0,0.0,4.0,10.0,Sandwiches & Wraps,7.0,8.0,8.0
Kfc,Spicy Kentucky Flatbread,300,117,13.0,2.0,0.0,30.0,660.0,30.0,1.0,3.0,15.0,20.0,10.0,10.0,28.0,10.0,4.0,30.0,0.0,0.0,4.0,10.0,Sandwiches & Wraps,7.0,9.0,8.0
Kfc,Original Plant Based Sandwich,700,351,39.0,4.3,0.5,1.0,1027.0,61.0,7.0,5.0,26.0,60.0,22.0,0.0,43.0,20.0,28.0,52.0,1.0,0.0,9.0,15.0,Sandwiches & Wraps,20.0,20.0,18.0
Kfc,Spicy Plant Based Sandwich,710,360,40.0,4.4,0.4,14.0,1035.0,61.0,7.0,5.0,26.0,62.0,22.0,5.0,43.0,20.0,28.0,52.0,2.0,1.0,9.0,15.0,Sandwiches & Wraps,21.0,21.0,19.0
Kfc,Spicy Twister Wrap,580,270,30.0,5.0,0.3,55.0,1145.0,52.0,5.0,4.0,25.0,46.0,25.0,18.0,48.0,17.0,20.0,50.0,4.0,15.0,6.0,30.0,Sandwiches & Wraps,16.0,17.0,15.0
Kfc,Twister Wrap,530,216,24.0,4.0,0.2,45.0,1100.0,53.0,5.0,4.0,25.0,37.0,20.0,15.0,46.0,18.0,20.0,50.0,4.0,15.0,6.0,30.0,Sandwiches & Wraps,14.0,15.0,14.0
Kfc,Zinger Sandwich,550,252,28.0,3.6,0.3,51.0,1081.0,53.0,4.0,4.0,24.0,43.0,18.0,17.0,45.0,18.0,16.0,48.0,2.0,2.0,5.0,25.0,Sandwiches & Wraps,14.0,16.0,15.0
Kfc,Zinger Twister,670,333,37.0,6.0,0.0,60.0,1320.0,59.0,4.0,2.0,25.0,57.0,30.0,20.0,55.0,20.0,16.0,50.0,2.0,20.0,8.0,20.0,Sandwiches & Wraps,18.0,20.0,18.0
Kfc,Carolina Honey Mustard Dipping Sauce,80,54,6.0,0.1,0.0,0.0,180.0,7.0,0.0,6.0,0.0,9.0,1.0,0.0,8.0,2.0,0.0,0.0,0.0,0.0,0.0,0.0,Sides,3.0,3.0,2.0
Kfc,Individual Coleslaw Salad,120,72,8.0,1.0,0.0,0.0,150.0,12.0,0.0,9.0,1.0,12.0,5.0,0.0,6.0,4.0,0.0,2.0,8.0,77.0,4.0,4.0,Sides,5.0,5.0,3.0
Kfc,Medium Coleslaw Salad,270,135,15.0,2.0,0.2,0.0,320.0,34.0,4.0,15.0,4.0,23.0,10.0,0.0,13.0,11.0,16.0,8.0,0.0,20.0,8.0,6.0,Sides,10.0,10.0,8.0
Kfc,Large Coleslaw Salad,520,252,28.0,4.0,0.4,0.0,600.0,64.0,8.0,28.0,8.0,43.0,20.0,0.0,25.0,21.0,32.0,16.0,0.0,35.0,15.0,10.0,Sides,19.0,19.0,14.0
Kfc,Individual French Fries,300,126,14.0,1.0,0.0,0.0,350.0,41.0,4.0,0.0,4.0,22.0,5.0,0.0,15.0,14.0,16.0,8.0,0.0,10.0,2.0,4.0,Sides,9.0,9.0,8.0
Kfc,Medium French Fries,820,360,40.0,3.0,0.0,5.0,970.0,112.0,10.0,1.0,10.0,62.0,15.0,2.0,40.0,37.0,40.0,20.0,0.0,30.0,4.0,15.0,Sides,25.0,25.0,23.0
Kfc,Large French Fries,1350,585,65.0,5.0,0.0,5.0,1600.0,184.0,17.0,1.0,16.0,100.0,25.0,2.0,67.0,61.0,68.0,32.0,0.0,50.0,8.0,20.0,Sides,41.0,41.0,37.0
Kfc,Extra Large French Fries,2330,1008,112.0,8.0,1.0,10.0,2750.0,317.0,29.0,2.0,28.0,172.0,40.0,3.0,115.0,106.0,116.0,56.0,0.0,90.0,10.0,35.0,Sides,70.0,70.0,63.0
Kfc,Individual Gravy,45,9,1.0,0.0,0.0,0.0,460.0,7.0,0.0,2.0,1.0,2.0,0.0,0.0,19.0,2.0,0.0,2.0,0.0,0.0,2.0,2.0,Sides,2.0,2.0,1.0
Kfc,Medium Gravy,110,27,3.0,0.5,0.0,5.0,1150.0,18.0,0.0,4.0,3.0,5.0,3.0,2.0,48.0,6.0,0.0,6.0,0.0,0.0,2.0,4.0,Sides,4.0,4.0,3.0
Kfc,Large Gravy,210,54,6.0,1.5,0.0,5.0,2230.0,35.0,1.0,8.0,5.0,9.0,8.0,2.0,93.0,12.0,4.0,10.0,0.0,0.0,4.0,6.0,Sides,7.0,7.0,6.0
Kfc,5 Piece Hot Wings,380,216,24.0,5.0,0.0,95.0,970.0,15.0,2.0,0.0,27.0,37.0,25.0,32.0,40.0,5.0,8.0,54.0,8.0,0.0,2.0,15.0,Sides,10.0,10.0,10.0
Kfc,10 Piece Hot Wings,760,432,48.0,10.0,0.0,190.0,1950.0,31.0,5.0,0.0,55.0,74.0,50.0,63.0,81.0,10.0,20.0,110.0,15.0,0.0,4.0,35.0,Sides,20.0,20.0,20.0
Kfc,20 Piece Hot Wings,1520,855,95.0,19.0,9.0,380.0,3900.0,62.0,10.0,0.0,109.0,146.0,95.0,127.0,163.0,21.0,40.0,218.0,30.0,0.0,10.0,70.0,Sides,41.0,41.0,40.0
Kfc,Kentucky Hot Sauce,5,0,0.0,0.0,0.0,0.0,300.0,1.0,0.0,0.0,0.0,0.0,0.0,0.0,13.0,0.0,0.0,0.0,2.0,0.0,0.0,0.0,Sides,0.0,0.0,0.0
Kfc,Individual Macaroni Salad,140,54,6.0,1.0,0.0,15.0,470.0,5.0,1.0,3.0,3.0,9.0,5.0,5.0,20.0,2.0,4.0,6.0,2.0,4.0,0.0,4.0,Sides,5.0,5.0,2.0
Kfc,Medium Macaroni Salad,330,135,15.0,2.0,0.0,35.0,1140.0,37.0,2.0,7.0,7.0,23.0,10.0,12.0,48.0,12.0,8.0,14.0,0.0,8.0,0.0,10.0,Sides,11.0,11.0,8.0
Kfc,Large Macaroni Salad,660,279,31.0,4.5,0.0,65.0,2280.0,75.0,4.0,13.0,13.0,48.0,23.0,22.0,95.0,25.0,16.0,26.0,0.0,20.0,0.0,25.0,Sides,22.0,22.0,17.0
Kfc,Individual Mashed Potatoes,45,0,0.0,0.0,0.0,0.0,160.0,10.0,1.0,0.0,1.0,0.0,0.0,0.0,7.0,3.0,4.0,2.0,0.0,6.0,2.0,0.0,Sides,1.0,1.0,1.0
Kfc,Medium Mashed Potatoes,140,0,0.0,0.0,0.0,0.0,480.0,30.0,3.0,1.0,3.0,0.0,0.0,0.0,20.0,10.0,12.0,6.0,0.0,20.0,4.0,2.0,Sides,4.0,4.0,3.0
Kfc,Large Mashed Potatoes,270,0,0.0,0.0,0.0,0.0,970.0,60.0,5.0,3.0,5.0,0.0,0.0,0.0,40.0,20.0,20.0,10.0,0.0,40.0,6.0,8.0,Sides,8.0,8.0,7.0
Kfc,Individual Original Recipe Corn,150,90,10.0,1.0,0.0,0.0,250.0,13.0,0.0,6.0,3.0,15.0,5.0,0.0,10.0,4.0,0.0,6.0,0.0,4.0,0.0,2.0,Sides,5.0,5.0,4.0
Kfc,Medium Original Recipe Corn,450,324,36.0,4.0,0.0,0.0,890.0,27.0,5.0,12.0,6.0,55.0,20.0,0.0,37.0,9.0,20.0,12.0,0.0,8.0,0.0,6.0,Sides,16.0,16.0,12.0
Kfc,Large Original Recipe Corn,720,459,51.0,5.0,0.0,0.0,1220.0,55.0,11.0,26.0,11.0,78.0,25.0,0.0,51.0,18.0,44.0,22.0,0.0,15.0,0.0,10.0,Sides,25.0,25.0,19.0
Kfc,Plant Based Popcorn Chicken,470,252,28.0,2.0,0.0,0.0,800.0,31.0,7.0,1.0,24.0,43.0,10.0,0.0,33.0,10.0,28.0,48.0,0.0,0.0,6.0,35.0,Sides,13.0,13.0,12.0
Kfc,Individual Popcorn Chicken,170,90,10.0,1.0,0.0,20.0,400.0,12.0,1.0,0.0,9.0,15.0,5.0,7.0,17.0,4.0,4.0,18.0,0.0,0.0,0.0,4.0,Sides,5.0,5.0,5.0
Kfc,Small Popcorn Chicken,370,189,21.0,2.0,0.0,40.0,850.0,26.0,2.0,0.0,19.0,32.0,10.0,13.0,35.0,9.0,8.0,38.0,0.0,0.0,2.0,10.0,Sides,8.0,10.0,10.0
Kfc,Medium Popcorn Chicken,740,378,42.0,3.5,0.0,80.0,1690.0,52.0,4.0,0.0,39.0,65.0,18.0,27.0,70.0,17.0,16.0,78.0,0.0,0.0,4.0,20.0,Sides,16.0,20.0,20.0
Kfc,Large Popcorn Chicken,1000,513,57.0,5.0,0.0,105.0,2290.0,71.0,5.0,0.0,52.0,88.0,25.0,35.0,95.0,24.0,20.0,104.0,0.0,0.0,6.0,30.0,Sides,21.0,27.0,27.0
Kfc,Original Popcorn Chicken Poutine,900,459,51.0,13.0,1.0,85.0,1820.0,82.0,7.0,2.0,32.0,78.0,65.0,28.0,76.0,27.0,28.0,64.0,0.0,15.0,45.0,15.0,Sides,26.0,28.0,24.0
Kfc,Spicy Popcorn Chicken Poutine,1060,603,67.0,16.0,1.5,100.0,2090.0,87.0,0.0,3.0,32.0,103.0,80.0,33.0,87.0,29.0,0.0,64.0,0.0,0.0,35.0,15.0,Sides,34.0,34.0,30.0
Kfc,Individual Potato Salad,140,63,7.0,1.0,0.0,10.0,360.0,19.0,2.0,5.0,2.0,11.0,5.0,3.0,15.0,6.0,8.0,4.0,8.0,10.0,0.0,2.0,Sides,5.0,5.0,4.0
Kfc,Medium Potato Salad,350,144,16.0,2.5,0.0,25.0,870.0,47.0,5.0,12.0,5.0,25.0,13.0,8.0,36.0,16.0,20.0,10.0,0.0,25.0,0.0,6.0,Sides,12.0,12.0,9.0
Kfc,Large Potato Salad,710,297,33.0,4.5,0.0,45.0,1750.0,95.0,9.0,24.0,9.0,51.0,23.0,15.0,73.0,32.0,36.0,18.0,0.0,45.0,0.0,10.0,Sides,25.0,25.0,19.0
Kfc,Poutine,720,360,40.0,12.0,1.0,60.0,1480.0,72.0,6.0,2.0,21.0,62.0,60.0,20.0,62.0,24.0,24.0,42.0,0.0,20.0,45.0,8.0,Sides,23.0,23.0,20.0
Kfc,Ranch Dipping Sauce,150,144,16.0,2.5,0.0,5.0,240.0,2.0,0.0,1.0,0.0,25.0,13.0,2.0,10.0,1.0,0.0,0.0,0.0,0.0,0.0,0.0,Sides,5.0,5.0,4.0
Kfc,Southern Plum Dipping Sauce,40,0,0.0,0.0,0.0,0.0,5.0,10.0,0.0,9.0,0.0,0.0,0.0,0.0,0.0,3.0,0.0,0.0,0.0,0.0,0.0,0.0,Sides,2.0,2.0,1.0
Kfc,Sweet & Smoky BBQ Dipping Sauce,45,0,0.0,0.0,0.0,0.0,210.0,10.0,0.0,9.0,0.0,0.0,0.0,0.0,9.0,3.0,0.0,0.0,0.0,0.0,2.0,6.0,Sides,2.0,2.0,1.0
Mcdonalds,Plain Bacon 'N Egg Bagel,560,234,26.0,11.0,0.5,230.0,920.0,59.0,3.0,9.0,23.0,40.0,55.0,77.0,38.0,20.0,12.0,46.0,20.0,8.0,10.0,25.0,Breakfast,17.0,19.0,15.0
Mcdonalds,Multigrain Bacon 'N Egg Bagel,600,261,29.0,12.0,0.5,230.0,930.0,61.0,9.0,9.0,26.0,45.0,60.0,77.0,39.0,20.0,36.0,52.0,20.0,8.0,10.0,25.0,Breakfast,18.0,20.0,16.0
Mcdonalds,Bacon 'N Egg McMuffin,310,126,14.0,6.0,0.2,200.0,680.0,29.0,2.0,2.0,16.0,22.0,30.0,67.0,28.0,10.0,8.0,32.0,15.0,4.0,20.0,15.0,Breakfast,8.0,10.0,8.0
Mcdonalds,"Bacon, Egg & Cheese McGriddles",400,153,17.0,7.0,0.2,195.0,1180.0,44.0,2.0,15.0,16.0,26.0,35.0,65.0,49.0,15.0,8.0,32.0,10.0,4.0,15.0,15.0,Breakfast,12.0,14.0,10.0
Mcdonalds,Plain Bagel with Butter,300,54,6.0,3.0,0.1,15.0,360.0,54.0,3.0,8.0,10.0,9.0,15.0,5.0,15.0,18.0,12.0,20.0,6.0,0.0,2.0,20.0,Breakfast,10.0,10.0,8.0
Mcdonalds,Cinnamon & Raisin Bagel with Butter,310,63,7.0,4.0,0.1,15.0,410.0,56.0,4.0,9.0,9.0,11.0,20.0,5.0,17.0,19.0,16.0,18.0,6.0,0.0,2.0,40.0,Breakfast,11.0,11.0,8.0
Mcdonalds,Everything Bagel with Butter,310,72,8.0,3.5,0.1,15.0,330.0,52.0,3.0,6.0,10.0,12.0,18.0,5.0,14.0,17.0,12.0,20.0,6.0,0.0,2.0,25.0,Breakfast,10.0,10.0,8.0
Mcdonalds,Multigrain Bagel with Butter,320,81,9.0,3.5,0.2,15.0,360.0,54.0,8.0,8.0,11.0,14.0,18.0,5.0,15.0,18.0,32.0,22.0,6.0,0.0,2.0,20.0,Breakfast,11.0,11.0,9.0
Mcdonalds,Sesame Bagel with Butter,320,63,7.0,3.5,0.1,15.0,370.0,54.0,3.0,7.0,10.0,11.0,18.0,5.0,15.0,18.0,12.0,20.0,6.0,0.0,2.0,25.0,Breakfast,11.0,11.0,8.0
Mcdonalds,Plain Bagel with Cream Cheese,370,90,10.0,6.0,0.4,30.0,490.0,58.0,3.0,11.0,12.0,15.0,30.0,10.0,20.0,19.0,12.0,24.0,10.0,0.0,6.0,20.0,Breakfast,13.0,13.0,10.0
Mcdonalds,Cinnamon & Raisin Bagel with Cream Cheese,380,99,11.0,7.0,0.4,30.0,540.0,59.0,4.0,12.0,12.0,17.0,35.0,10.0,23.0,20.0,16.0,24.0,10.0,0.0,6.0,45.0,Breakfast,14.0,14.0,10.0
Mcdonalds,Everything Bagel with Cream Cheese,380,108,12.0,7.0,0.4,30.0,460.0,55.0,3.0,9.0,13.0,18.0,35.0,10.0,19.0,18.0,12.0,26.0,10.0,0.0,6.0,25.0,Breakfast,13.0,13.0,10.0
Mcdonalds,Sesame Bagel with Cream Cheese,380,99,11.0,6.0,0.4,30.0,500.0,57.0,3.0,10.0,13.0,17.0,30.0,10.0,21.0,19.0,12.0,26.0,10.0,0.0,6.0,25.0,Breakfast,13.0,13.0,10.0
Mcdonalds,Multigrain Bagel with Cream Cheese,390,117,13.0,7.0,0.4,30.0,480.0,57.0,8.0,11.0,14.0,20.0,35.0,10.0,20.0,19.0,32.0,28.0,10.0,0.0,60.0,20.0,Breakfast,14.0,14.0,10.0
Mcdonalds,Big Breakfast,640,342,38.0,12.0,0.4,445.0,1120.0,49.0,3.0,2.0,24.0,58.0,60.0,148.0,47.0,16.0,12.0,48.0,20.0,0.0,15.0,25.0,Breakfast,21.0,21.0,17.0
Mcdonalds,Plain BLT Bagel,480,189,21.0,8.0,0.3,50.0,770.0,59.0,3.0,10.0,16.0,32.0,40.0,17.0,32.0,20.0,12.0,32.0,15.0,15.0,2.0,25.0,Breakfast,16.0,16.0,13.0
Mcdonalds,Multigrain BLT Bagel,520,216,24.0,9.0,0.3,50.0,780.0,61.0,9.0,10.0,19.0,37.0,45.0,17.0,33.0,20.0,36.0,38.0,15.0,15.0,4.0,25.0,Breakfast,18.0,18.0,14.0
Mcdonalds,Breakfast Burrito,280,126,14.0,6.0,0.2,165.0,580.0,24.0,4.0,1.0,14.0,22.0,30.0,55.0,24.0,8.0,16.0,28.0,4.0,0.0,10.0,10.0,Breakfast,8.0,9.0,7.0
Mcdonalds,Chicken McMuffin,360,162,18.0,5.0,0.2,45.0,710.0,35.0,3.0,2.0,15.0,28.0,25.0,15.0,30.0,12.0,12.0,30.0,4.0,0.0,15.0,15.0,Breakfast,10.0,11.0,10.0
Mcdonalds,Plain Egg LT Bagel,460,144,16.0,9.0,0.4,210.0,640.0,59.0,3.0,9.0,19.0,25.0,45.0,70.0,27.0,20.0,12.0,38.0,25.0,4.0,10.0,25.0,Breakfast,14.0,16.0,12.0
Mcdonalds,Multigrain Egg LT Bagel,490,180,20.0,9.0,0.4,210.0,650.0,61.0,9.0,10.0,21.0,31.0,45.0,70.0,27.0,20.0,36.0,42.0,25.0,4.0,10.0,25.0,Breakfast,14.0,16.0,13.0
Mcdonalds,Egg McMuffin,290,99,11.0,5.0,0.2,200.0,760.0,29.0,2.0,3.0,16.0,17.0,25.0,67.0,32.0,10.0,8.0,32.0,15.0,0.0,20.0,20.0,Breakfast,7.0,9.0,7.0
Mcdonalds,English Muffin with Butter,170,36,4.0,2.0,0.1,10.0,280.0,27.0,2.0,2.0,5.0,6.0,10.0,3.0,12.0,9.0,8.0,10.0,4.0,0.0,10.0,15.0,Breakfast,5.0,5.0,4.0
Mcdonalds,Fruit & Maple Oatmeal,290,23,3.0,0.0,0.0,0.0,90.0,62.0,5.0,33.0,5.0,5.0,0.0,0.0,4.0,21.0,20.0,10.0,0.0,50.0,2.0,15.0,Breakfast,12.0,12.0,7.0
Mcdonalds,Hash Browns,160,90,10.0,1.5,0.0,0.0,360.0,16.0,2.0,0.0,1.0,15.0,8.0,0.0,15.0,5.0,8.0,2.0,0.0,0.0,0.0,2.0,Breakfast,5.0,5.0,4.0
Mcdonalds,Hot Caramel Sundae,340,72,8.0,5.0,0.2,30.0,200.0,62.0,0.0,45.0,6.0,12.0,25.0,10.0,8.0,21.0,0.0,12.0,6.0,0.0,15.0,0.0,Breakfast,17.0,17.0,9.0
Mcdonalds,Hotcakes with Syrup & Butter,600,144,16.0,6.0,0.2,45.0,660.0,106.0,3.0,57.0,8.0,25.0,30.0,15.0,28.0,35.0,12.0,16.0,10.0,0.0,10.0,20.0,Breakfast,26.0,26.0,16.0
Mcdonalds,Feta & Tomato More-Ning McWrap,430,198,22.0,8.0,0.3,425.0,750.0,38.0,6.0,3.0,21.0,34.0,40.0,142.0,31.0,13.0,24.0,42.0,30.0,6.0,15.0,20.0,Breakfast,14.0,14.0,11.0
Mcdonalds,Bacon & Hash More-Ning McWrap,590,279,31.0,10.0,0.4,430.0,1160.0,54.0,8.0,3.0,24.0,48.0,50.0,143.0,48.0,18.0,32.0,48.0,20.0,4.0,15.0,20.0,Breakfast,19.0,19.0,15.0
Mcdonalds,Sausage & Hash More-Ning McWrap,710,378,42.0,14.0,0.5,450.0,1330.0,57.0,8.0,3.0,28.0,65.0,70.0,150.0,55.0,19.0,32.0,56.0,20.0,0.0,20.0,25.0,Breakfast,23.0,23.0,19.0
Mcdonalds,Cranberry Orange Muffin,360,72,8.0,0.5,0.0,0.0,390.0,66.0,2.0,36.0,7.0,12.0,3.0,0.0,16.0,22.0,8.0,14.0,0.0,8.0,4.0,15.0,Breakfast,15.0,15.0,10.0
Mcdonalds,Fruit & Fibre Muffin,380,126,14.0,1.5,0.0,0.0,460.0,60.0,7.0,28.0,6.0,22.0,8.0,0.0,19.0,20.0,28.0,12.0,0.0,15.0,4.0,15.0,Breakfast,15.0,15.0,10.0
Mcdonalds,Carrot Muffin,430,144,16.0,1.5,0.2,0.0,330.0,65.0,3.0,35.0,6.0,25.0,8.0,0.0,14.0,22.0,12.0,12.0,110.0,4.0,2.0,15.0,Breakfast,17.0,17.0,11.0
Mcdonalds,Banana Chocolate Chunk Muffin,430,117,13.0,2.0,0.0,0.0,450.0,73.0,3.0,40.0,7.0,20.0,10.0,0.0,19.0,24.0,12.0,14.0,0.0,0.0,4.0,15.0,Breakfast,18.0,18.0,12.0
Mcdonalds,Blueberry Muffin,430,144,16.0,1.5,0.0,0.0,350.0,66.0,3.0,31.0,7.0,25.0,8.0,0.0,15.0,22.0,12.0,14.0,0.0,2.0,4.0,10.0,Breakfast,17.0,17.0,12.0
Mcdonalds,Sausage 'N Egg McMuffin,430,225,25.0,11.0,0.3,225.0,850.0,31.0,2.0,2.0,20.0,38.0,55.0,75.0,35.0,10.0,8.0,40.0,15.0,0.0,20.0,20.0,Breakfast,12.0,14.0,11.0
Mcdonalds,Sausage McGriddles,400,180,20.0,8.0,0.2,30.0,1100.0,45.0,2.0,14.0,11.0,31.0,40.0,10.0,46.0,15.0,8.0,22.0,0.0,0.0,8.0,15.0,Breakfast,15.0,15.0,11.0
Mcdonalds,Sausage McMuffin,370,180,20.0,9.0,0.3,50.0,790.0,31.0,2.0,2.0,14.0,31.0,45.0,17.0,33.0,10.0,8.0,28.0,6.0,0.0,15.0,15.0,Breakfast,13.0,13.0,10.0
Mcdonalds,"Sausage, Egg & Cheese McGriddles",520,252,28.0,12.0,0.3,220.0,1350.0,47.0,2.0,15.0,20.0,43.0,60.0,73.0,56.0,16.0,8.0,40.0,10.0,0.0,15.0,20.0,Breakfast,17.0,19.0,14.0
Mcdonalds,Bacon & Cheddar Angus,770,369,41.0,18.0,1.5,130.0,1400.0,53.0,2.0,13.0,46.0,63.0,90.0,43.0,58.0,18.0,8.0,92.0,10.0,15.0,20.0,30.0,Burgers,25.0,25.0,20.0
Mcdonalds,Single Bacon 'n Crispy Onion Quarter Pounder,680,360,40.0,16.0,1.0,105.0,1490.0,46.0,3.0,11.0,34.0,62.0,80.0,35.0,62.0,15.0,12.0,68.0,15.0,10.0,15.0,35.0,Burgers,23.0,23.0,18.0
Mcdonalds,Double Bacon 'n Crispy Onion Quarter Pounder,900,513,57.0,24.0,1.5,165.0,1550.0,46.0,3.0,11.0,52.0,88.0,120.0,55.0,65.0,15.0,12.0,104.0,15.0,10.0,20.0,50.0,Burgers,30.0,30.0,24.0
Mcdonalds,Big Mac,520,252,28.0,10.0,0.5,65.0,950.0,45.0,3.0,9.0,24.0,43.0,50.0,22.0,40.0,15.0,12.0,48.0,8.0,2.0,20.0,35.0,Burgers,17.0,17.0,14.0
Mcdonalds,Big Mac Bacon,630,333,37.0,12.0,0.5,85.0,1220.0,48.0,3.0,9.0,28.0,57.0,60.0,28.0,51.0,16.0,12.0,56.0,10.0,10.0,10.0,35.0,Burgers,21.0,21.0,17.0
Mcdonalds,Cheeseburger,290,99,11.0,5.0,0.4,35.0,700.0,33.0,2.0,7.0,15.0,17.0,25.0,12.0,29.0,11.0,8.0,30.0,6.0,2.0,15.0,20.0,Burgers,10.0,10.0,8.0
Mcdonalds,Double Big Mac,680,342,38.0,16.0,1.0,120.0,1310.0,46.0,3.0,8.0,40.0,58.0,80.0,40.0,55.0,15.0,12.0,80.0,10.0,2.0,30.0,45.0,Burgers,22.0,22.0,18.0
Mcdonalds,Double Big Mac Bacon,800,441,49.0,18.0,1.0,130.0,1260.0,49.0,3.0,9.0,42.0,75.0,90.0,43.0,53.0,16.0,12.0,84.0,10.0,10.0,15.0,45.0,Burgers,26.0,26.0,22.0
Mcdonalds,Double Cheeseburger,420,180,20.0,10.0,0.5,70.0,1050.0,35.0,2.0,7.0,24.0,31.0,50.0,23.0,44.0,12.0,8.0,48.0,10.0,2.0,25.0,25.0,Burgers,14.0,14.0,11.0
Mcdonalds,Double Quarter Pounder without Cheese,650,333,37.0,16.0,1.5,120.0,860.0,39.0,3.0,9.0,42.0,57.0,80.0,40.0,36.0,13.0,12.0,84.0,6.0,4.0,15.0,45.0,Burgers,21.0,21.0,17.0
Mcdonalds,Double Quarter Pounder with Cheese,740,387,43.0,20.0,1.5,145.0,1240.0,42.0,3.0,9.0,47.0,66.0,100.0,48.0,52.0,14.0,12.0,94.0,10.0,4.0,25.0,45.0,Burgers,24.0,24.0,20.0
Mcdonalds,Double Quarter Pounder BLT,890,504,56.0,24.0,1.5,165.0,1530.0,44.0,3.0,11.0,52.0,86.0,120.0,55.0,64.0,15.0,12.0,104.0,20.0,15.0,20.0,50.0,Burgers,30.0,30.0,24.0
Mcdonalds,Double Western BBQ Quarter Pounder,850,468,52.0,23.0,1.5,160.0,1500.0,46.0,3.0,11.0,52.0,80.0,115.0,53.0,63.0,15.0,12.0,104.0,15.0,10.0,20.0,50.0,Burgers,28.0,28.0,23.0
Mcdonalds,Hamburger,240,72,8.0,3.0,0.2,25.0,510.0,32.0,2.0,7.0,12.0,12.0,15.0,8.0,21.0,11.0,8.0,24.0,2.0,2.0,10.0,20.0,Burgers,8.0,8.0,6.0
Mcdonalds,McDouble,370,153,17.0,8.0,0.5,60.0,860.0,34.0,2.0,7.0,21.0,26.0,40.0,20.0,36.0,11.0,8.0,42.0,6.0,2.0,15.0,25.0,Burgers,12.0,12.0,10.0
Mcdonalds,Mighty Angus Original,790,387,43.0,16.0,1.5,120.0,1310.0,56.0,3.0,15.0,42.0,66.0,80.0,40.0,55.0,19.0,12.0,84.0,10.0,15.0,15.0,30.0,Burgers,26.0,26.0,21.0
Mcdonalds,Montreal Steak Spice BBQ Angus,710,306,34.0,14.0,1.5,105.0,1250.0,59.0,3.0,16.0,41.0,52.0,70.0,35.0,52.0,20.0,12.0,82.0,6.0,6.0,20.0,35.0,Burgers,23.0,23.0,19.0
Mcdonalds,Quarter Pounder without Cheese,420,180,20.0,8.0,0.5,60.0,680.0,39.0,2.0,9.0,24.0,31.0,40.0,20.0,28.0,13.0,8.0,48.0,4.0,4.0,10.0,30.0,Burgers,14.0,14.0,11.0
Mcdonalds,Quarter Pounder with Cheese,520,234,26.0,13.0,1.0,85.0,1080.0,41.0,3.0,9.0,30.0,40.0,65.0,28.0,45.0,14.0,12.0,60.0,10.0,4.0,25.0,30.0,Burgers,17.0,17.0,14.0
Mcdonalds,Quarter Pounder BLT,600,315,35.0,13.0,1.0,95.0,1130.0,42.0,3.0,11.0,31.0,54.0,65.0,32.0,47.0,14.0,12.0,62.0,15.0,15.0,20.0,30.0,Burgers,20.0,20.0,16.0
Mcdonalds,Western BBQ Quarter Pounder,630,315,35.0,15.0,1.0,100.0,1440.0,46.0,3.0,11.0,34.0,54.0,75.0,33.0,60.0,15.0,12.0,68.0,15.0,10.0,15.0,35.0,Burgers,21.0,21.0,17.0
Mcdonalds,4 Piece Chicken McNuggets,170,81,9.0,1.5,0.0,30.0,300.0,10.0,0.0,0.0,10.0,14.0,8.0,10.0,13.0,3.0,0.0,20.0,0.0,0.0,0.0,4.0,Chicken McNuggets,3.0,5.0,4.0
Mcdonalds,6 Piece Chicken McNuggets,250,126,14.0,2.5,0.1,40.0,450.0,15.0,0.0,0.0,16.0,22.0,13.0,13.0,19.0,5.0,0.0,32.0,0.0,0.0,0.0,6.0,Chicken McNuggets,5.0,7.0,7.0
Mcdonalds,10 Piece Chicken McNuggets,410,207,23.0,4.0,0.2,70.0,750.0,26.0,0.0,0.0,26.0,35.0,20.0,23.0,31.0,9.0,0.0,52.0,0.0,0.0,2.0,8.0,Chicken McNuggets,9.0,11.0,11.0
Mcdonalds,20 Piece Chicken McNuggets,830,414,46.0,8.0,0.4,140.0,1490.0,51.0,0.0,0.0,52.0,71.0,40.0,47.0,62.0,17.0,0.0,104.0,0.0,0.0,2.0,20.0,Chicken McNuggets,20.0,22.0,22.0
Mcdonalds,Baked Apple Pie,270,126,14.0,7.0,0.1,0.0,180.0,34.0,1.0,12.0,3.0,22.0,35.0,0.0,8.0,11.0,4.0,6.0,0.0,45.0,2.0,8.0,Desserts,11.0,11.0,7.0
Mcdonalds,Snack Size Cadbury Creme Egg McFlurry,420,126,14.0,9.0,0.3,35.0,180.0,67.0,0.0,56.0,8.0,22.0,45.0,12.0,8.0,22.0,0.0,16.0,8.0,0.0,20.0,8.0,Desserts,21.0,21.0,12.0
Mcdonalds,Regular Cadbury Creme Egg McFlurry,630,180,20.0,13.0,0.4,50.0,270.0,101.0,1.0,84.0,12.0,31.0,65.0,17.0,11.0,34.0,4.0,24.0,10.0,0.0,30.0,15.0,Desserts,32.0,32.0,17.0
Mcdonalds,Small Chocolate Triple Thick Milkshake,560,117,13.0,8.0,0.4,50.0,380.0,101.0,0.0,79.0,12.0,20.0,40.0,17.0,16.0,34.0,0.0,24.0,10.0,0.0,30.0,8.0,Desserts,28.0,28.0,15.0
Mcdonalds,Medium Chocolate Triple Thick Milkshake,760,153,17.0,11.0,0.5,65.0,520.0,137.0,1.0,107.0,15.0,26.0,55.0,22.0,22.0,46.0,4.0,30.0,15.0,0.0,40.0,10.0,Desserts,38.0,38.0,21.0
Mcdonalds,Large Chocolate Triple Thick Milkshake,1160,234,26.0,17.0,1.0,105.0,780.0,207.0,1.0,163.0,24.0,40.0,85.0,35.0,33.0,69.0,4.0,48.0,25.0,0.0,60.0,15.0,Desserts,57.0,57.0,31.0
Mcdonalds,Hot Fudge Sundae,340,90,10.0,8.0,0.2,25.0,230.0,55.0,2.0,48.0,7.0,15.0,40.0,8.0,10.0,18.0,8.0,14.0,6.0,0.0,20.0,10.0,Desserts,18.0,18.0,9.0
Mcdonalds,Snack Size M&M's McFlurry,410,117,13.0,8.0,0.3,30.0,190.0,66.0,1.0,57.0,8.0,20.0,40.0,10.0,8.0,22.0,4.0,16.0,6.0,0.0,20.0,4.0,Desserts,21.0,21.0,11.0
Mcdonalds,Regular M&M's McFlurry,620,180,20.0,13.0,0.4,45.0,280.0,98.0,2.0,86.0,12.0,31.0,65.0,15.0,12.0,33.0,8.0,24.0,10.0,0.0,30.0,6.0,Desserts,32.0,32.0,17.0
Mcdonalds,Snack Size Oreo McFlurry,340,99,11.0,7.0,0.3,25.0,230.0,54.0,1.0,42.0,7.0,17.0,35.0,8.0,10.0,18.0,4.0,14.0,6.0,0.0,15.0,6.0,Desserts,17.0,17.0,9.0
Mcdonalds,Regular Oreo McFlurry,570,171,19.0,12.0,0.4,40.0,410.0,90.0,1.0,68.0,11.0,29.0,60.0,13.0,17.0,30.0,4.0,22.0,10.0,0.0,25.0,15.0,Desserts,28.0,28.0,16.0
Mcdonalds,Child Size Shamrock Shake,500,117,13.0,8.0,0.3,55.0,310.0,86.0,0.0,66.0,10.0,20.0,40.0,18.0,13.0,29.0,0.0,20.0,15.0,4.0,35.0,2.0,Desserts,24.0,24.0,14.0
Mcdonalds,Small Shamrock Shake,540,126,14.0,8.0,0.3,55.0,330.0,96.0,0.0,73.0,11.0,22.0,40.0,18.0,14.0,32.0,0.0,22.0,15.0,4.0,35.0,2.0,Desserts,26.0,26.0,15.0
Mcdonalds,Medium Shamrock Shake,730,162,18.0,11.0,0.4,75.0,430.0,130.0,0.0,99.0,14.0,28.0,55.0,25.0,18.0,43.0,0.0,28.0,20.0,6.0,45.0,2.0,Desserts,36.0,36.0,20.0
Mcdonalds,Large Shamrock Shake,1120,252,28.0,17.0,0.5,115.0,680.0,197.0,0.0,150.0,22.0,43.0,85.0,38.0,28.0,66.0,0.0,44.0,30.0,10.0,70.0,4.0,Desserts,55.0,55.0,31.0
Mcdonalds,Snack Size Skor McFlurry,370,117,13.0,8.0,0.5,40.0,230.0,57.0,1.0,49.0,7.0,20.0,40.0,13.0,10.0,19.0,4.0,14.0,10.0,0.0,15.0,4.0,Desserts,19.0,19.0,10.0
Mcdonalds,Regular Skor McFlurry,540,171,19.0,12.0,0.5,60.0,340.0,82.0,1.0,71.0,10.0,29.0,60.0,20.0,14.0,27.0,4.0,20.0,15.0,0.0,25.0,4.0,Desserts,27.0,27.0,15.0
Mcdonalds,Snack Size Squishmallows McFlurry,400,117,13.0,9.0,0.2,25.0,190.0,65.0,1.0,49.0,7.0,20.0,45.0,8.0,8.0,22.0,4.0,14.0,0.0,0.0,13.0,1.0,Desserts,20.0,20.0,11.0
Mcdonalds,Regular Squishmallows McFlurry,620,171,19.0,14.0,0.4,40.0,280.0,102.0,1.0,75.0,10.0,29.0,70.0,13.0,12.0,34.0,4.0,20.0,0.0,0.0,20.0,2.0,Desserts,31.0,31.0,17.0
Mcdonalds,Small Strawberry Triple Thick Milkshake,550,108,12.0,8.0,0.4,50.0,300.0,98.0,0.0,80.0,11.0,18.0,40.0,17.0,13.0,33.0,0.0,22.0,10.0,6.0,30.0,2.0,Desserts,27.0,27.0,15.0
Mcdonalds,Medium Strawberry Triple Thick Milkshake,740,144,16.0,11.0,0.5,65.0,390.0,133.0,0.0,108.0,15.0,25.0,55.0,22.0,16.0,44.0,0.0,30.0,15.0,8.0,40.0,2.0,Desserts,37.0,37.0,20.0
Mcdonalds,Large Strawberry Triple Thick Milkshake,1130,234,26.0,17.0,1.0,105.0,620.0,201.0,0.0,164.0,23.0,40.0,85.0,35.0,26.0,67.0,0.0,46.0,25.0,10.0,60.0,4.0,Desserts,57.0,57.0,31.0
Mcdonalds,Strawberry Yogurt Tube,25,0,0.0,0.0,0.0,0.0,10.0,4.0,0.0,3.0,1.0,0.0,0.0,0.0,0.0,1.0,0.0,2.0,8.0,0.0,4.0,0.0,Desserts,1.0,1.0,1.0
Mcdonalds,Vanilla Ice Cream Cone,240,54,6.0,4.0,0.2,25.0,150.0,40.0,0.0,30.0,6.0,9.0,20.0,8.0,6.0,13.0,0.0,12.0,6.0,0.0,15.0,2.0,Desserts,11.0,11.0,6.0
Mcdonalds,Small Vanilla Triple Thick Milkshake,540,108,12.0,8.0,0.4,50.0,300.0,96.0,0.0,71.0,11.0,18.0,40.0,17.0,13.0,32.0,0.0,22.0,25.0,0.0,30.0,2.0,Desserts,26.0,26.0,15.0
Mcdonalds,Medium Vanilla Triple Thick Milkshake,720,144,16.0,11.0,0.5,65.0,390.0,130.0,0.0,94.0,14.0,25.0,55.0,22.0,16.0,43.0,0.0,28.0,30.0,0.0,40.0,2.0,Desserts,35.0,35.0,20.0
Mcdonalds,Large Vanilla Triple Thick Milkshake,1110,234,26.0,17.0,1.0,105.0,620.0,198.0,0.0,146.0,23.0,40.0,85.0,35.0,26.0,66.0,0.0,46.0,45.0,0.0,60.0,4.0,Desserts,54.0,54.0,30.0
Mcdonalds,Cheeseburger Happy Meal,660,234,26.0,9.0,0.3,45.0,980.0,79.0,4.0,22.0,27.0,40.0,45.0,15.0,41.0,26.0,16.0,54.0,26.0,2.0,44.0,24.0,Happy Meals,23.0,23.0,17.0
Mcdonalds,Chicken McNuggets Happy Meal,340,108,12.0,3.5,0.0,40.0,440.0,36.0,2.0,23.0,21.0,18.0,18.0,13.0,18.0,12.0,8.0,42.0,18.0,130.0,36.0,6.0,Happy Meals,11.0,12.0,9.0
Mcdonalds,Grilled Chicken Snack Wrap Happy Meal,370,90,10.0,3.5,0.0,55.0,440.0,43.0,5.0,21.0,26.0,15.0,18.0,18.0,18.0,14.0,20.0,52.0,12.0,134.0,34.0,10.0,Happy Meals,11.0,12.0,9.0
Mcdonalds,Crispy Chicken Snack Wrap Happy Meal,440,135,15.0,4.0,0.0,40.0,480.0,51.0,6.0,21.0,23.0,23.0,20.0,13.0,20.0,17.0,24.0,46.0,12.0,134.0,34.0,12.0,Happy Meals,14.0,15.0,11.0
Mcdonalds,Hamburger Happy Meal,390,90,10.0,4.5,0.2,35.0,620.0,53.0,3.0,27.0,21.0,15.0,23.0,12.0,26.0,18.0,12.0,42.0,12.0,132.0,34.0,22.0,Happy Meals,14.0,14.0,10.0
Mcdonalds,Hotcakes Happy Meal,520,99,11.0,3.5,0.0,30.0,740.0,85.0,5.0,38.0,19.0,17.0,18.0,10.0,31.0,28.0,20.0,38.0,20.0,130.0,46.0,22.0,Happy Meals,19.0,19.0,13.0
Mcdonalds,Caesar Side Salad,150,72,8.0,3.0,0.1,25.0,400.0,12.0,1.0,1.0,6.0,12.0,15.0,8.0,17.0,4.0,4.0,12.0,15.0,20.0,10.0,10.0,Salads,5.0,5.0,4.0
Mcdonalds,Garden Fresh Side Salad,40,18,2.0,1.0,0.1,5.0,70.0,3.0,1.0,1.0,3.0,3.0,5.0,2.0,3.0,1.0,4.0,6.0,15.0,30.0,8.0,6.0,Salads,1.0,1.0,1.0
Mcdonalds,I'm Greek-ing Out Salad with Grilled Chicken,310,90,10.0,3.5,0.2,95.0,720.0,24.0,4.0,4.0,33.0,15.0,18.0,32.0,30.0,8.0,16.0,66.0,35.0,70.0,10.0,20.0,Salads,6.0,8.0,8.0
Mcdonalds,I'm Greek-ing Out Salad with Crispy Chicken,440,189,21.0,5.0,0.3,70.0,790.0,39.0,5.0,4.0,27.0,32.0,25.0,23.0,33.0,13.0,20.0,54.0,35.0,70.0,10.0,25.0,Salads,11.0,13.0,12.0
Mcdonalds,"Keep Calm, Caesar On Salad with Grilled Chicken",390,162,18.0,8.0,0.2,135.0,990.0,14.0,2.0,2.0,35.0,28.0,40.0,45.0,41.0,5.0,8.0,70.0,35.0,45.0,30.0,20.0,Salads,9.0,11.0,9.0
Mcdonalds,"Keep Calm, Caesar On Salad with Crispy Chicken",520,261,29.0,9.0,0.3,110.0,1070.0,30.0,3.0,2.0,30.0,45.0,45.0,37.0,45.0,10.0,12.0,60.0,35.0,45.0,30.0,25.0,Salads,14.0,16.0,13.0
Mcdonalds,Grilled Chicken & Bacon Signature McWrap,500,216,24.0,9.0,0.3,115.0,980.0,36.0,6.0,4.0,38.0,37.0,45.0,38.0,41.0,12.0,24.0,76.0,10.0,15.0,20.0,15.0,Sandwiches & Wraps,12.0,14.0,13.0
Mcdonalds,Crispy Chicken & Bacon Signature McWrap,600,297,33.0,10.0,0.3,75.0,1280.0,48.0,6.0,4.0,30.0,51.0,50.0,25.0,53.0,16.0,24.0,60.0,10.0,10.0,20.0,15.0,Sandwiches & Wraps,16.0,18.0,16.0
Mcdonalds,Chicken Big Mac,610,288,32.0,7.0,0.3,55.0,1100.0,61.0,4.0,8.0,23.0,49.0,35.0,18.0,46.0,20.0,16.0,46.0,0.0,0.0,8.0,21.0,Sandwiches & Wraps,17.0,19.0,17.0
Mcdonalds,Grilled Chicken BLT Sandwich,560,234,26.0,7.0,0.2,135.0,1170.0,46.0,3.0,7.0,38.0,40.0,35.0,45.0,49.0,15.0,12.0,76.0,8.0,20.0,8.0,20.0,Sandwiches & Wraps,14.0,16.0,15.0
Mcdonalds,Crispy Chicken BLT Sandwich,700,333,37.0,8.0,0.3,110.0,1240.0,62.0,4.0,7.0,32.0,57.0,40.0,37.0,52.0,21.0,16.0,64.0,8.0,20.0,8.0,25.0,Sandwiches & Wraps,19.0,21.0,19.0
Mcdonalds,Chicken Caesar McWrap Grilled,430,144,16.0,5.0,0.2,100.0,890.0,36.0,6.0,3.0,36.0,25.0,25.0,33.0,37.0,12.0,24.0,72.0,2.0,10.0,6.0,15.0,Sandwiches & Wraps,10.0,11.0,11.0
Mcdonalds,Chicken Caesar McWrap Crispy,570,243,27.0,7.0,0.3,75.0,960.0,52.0,7.0,3.0,30.0,42.0,35.0,25.0,40.0,17.0,28.0,60.0,2.0,10.0,6.0,20.0,Sandwiches & Wraps,15.0,17.0,15.0
Mcdonalds,"Grilled Chicken, Tomato & Mozzarella Sandwich",500,198,22.0,7.0,0.4,130.0,1010.0,40.0,3.0,7.0,36.0,34.0,35.0,43.0,42.0,13.0,12.0,72.0,10.0,15.0,20.0,20.0,Sandwiches & Wraps,12.0,14.0,13.0
Mcdonalds,"Crispy Chicken, Tomato & Mozzarella Sandwich",640,297,33.0,9.0,0.5,105.0,1080.0,56.0,4.0,7.0,31.0,51.0,45.0,35.0,45.0,19.0,16.0,62.0,10.0,15.0,20.0,25.0,Sandwiches & Wraps,18.0,20.0,17.0
Mcdonalds,Grilled Chipotle Chicken Snack Wrap,240,54,6.0,2.5,0.1,45.0,490.0,31.0,1.0,8.0,17.0,9.0,13.0,15.0,20.0,10.0,4.0,34.0,2.0,2.0,6.0,15.0,Sandwiches & Wraps,5.0,7.0,6.0
Mcdonalds,Crispy Chipotle Chicken Snack Wrap,290,99,11.0,3.0,0.1,25.0,640.0,37.0,1.0,8.0,13.0,17.0,15.0,8.0,27.0,12.0,4.0,26.0,2.0,2.0,6.0,15.0,Sandwiches & Wraps,7.0,9.0,8.0
Mcdonalds,Double Filet-O-Fish,560,261,29.0,6.0,0.3,75.0,830.0,53.0,2.0,4.0,23.0,45.0,30.0,25.0,35.0,18.0,8.0,46.0,4.0,0.0,15.0,20.0,Sandwiches & Wraps,15.0,17.0,15.0
Mcdonalds,Filet-O-Fish,400,189,21.0,4.0,0.2,40.0,580.0,40.0,1.0,4.0,14.0,32.0,20.0,13.0,24.0,13.0,4.0,28.0,2.0,0.0,15.0,15.0,Sandwiches & Wraps,10.0,12.0,11.0
Mcdonalds,Junior Chicken,370,180,20.0,3.5,0.2,35.0,570.0,36.0,2.0,5.0,13.0,31.0,18.0,12.0,24.0,12.0,8.0,26.0,2.0,0.0,10.0,15.0,Sandwiches & Wraps,10.0,12.0,10.0
Mcdonalds,McChicken,470,243,27.0,4.5,0.2,45.0,650.0,44.0,3.0,6.0,16.0,42.0,23.0,15.0,27.0,15.0,12.0,32.0,4.0,2.0,10.0,20.0,Sandwiches & Wraps,13.0,15.0,13.0
Mcdonalds,McCrispy,520,234,26.0,4.0,0.2,65.0,880.0,43.0,2.0,8.0,29.0,40.0,20.0,22.0,37.0,14.0,8.0,58.0,2.0,2.0,2.0,20.0,Sandwiches & Wraps,13.0,15.0,14.0
Mcdonalds,McCrispy Bacon Deluxe,590,279,31.0,6.0,0.2,80.0,1120.0,44.0,3.0,9.0,34.0,48.0,30.0,27.0,47.0,15.0,12.0,68.0,6.0,15.0,2.0,20.0,Sandwiches & Wraps,16.0,17.0,16.0
Mcdonalds,Grilled Ranch Chicken Snack Wrap,240,72,8.0,3.0,0.1,50.0,450.0,25.0,1.0,2.0,17.0,12.0,15.0,17.0,19.0,8.0,4.0,34.0,2.0,2.0,8.0,10.0,Sandwiches & Wraps,5.0,7.0,6.0
Mcdonalds,Crispy Ranch Chicken Snack Wrap,290,117,13.0,3.5,0.2,30.0,590.0,31.0,1.0,2.0,14.0,20.0,18.0,10.0,25.0,10.0,4.0,28.0,2.0,2.0,8.0,10.0,Sandwiches & Wraps,7.0,9.0,8.0
Mcdonalds,Southern BBQ Sandwich with Grilled Chicken,500,135,15.0,6.0,0.3,125.0,1120.0,56.0,4.0,12.0,37.0,23.0,30.0,42.0,47.0,19.0,16.0,74.0,10.0,8.0,20.0,25.0,Sandwiches & Wraps,13.0,15.0,13.0
Mcdonalds,Southern BBQ Sandwich with Crispy Chicken,640,234,26.0,8.0,0.4,100.0,1190.0,72.0,5.0,12.0,32.0,40.0,40.0,33.0,50.0,24.0,20.0,64.0,10.0,8.0,20.0,30.0,Sandwiches & Wraps,18.0,20.0,17.0
Mcdonalds,Spicier Szechuan McChicken,490,243,27.0,4.5,0.3,45.0,760.0,47.0,3.0,8.0,16.0,42.0,23.0,15.0,32.0,16.0,12.0,32.0,4.0,2.0,2.0,20.0,Sandwiches & Wraps,14.0,15.0,13.0
Mcdonalds,Spiciest Ghost Pepper McChicken,490,243,27.0,4.0,0.3,50.0,720.0,45.0,3.0,7.0,16.0,42.0,20.0,17.0,30.0,15.0,12.0,32.0,4.0,2.0,2.0,20.0,Sandwiches & Wraps,13.0,15.0,13.0
Mcdonalds,Spicy Habanero McChicken,470,225,25.0,4.5,0.2,45.0,680.0,45.0,3.0,7.0,16.0,38.0,23.0,15.0,28.0,15.0,12.0,32.0,4.0,2.0,2.0,20.0,Sandwiches & Wraps,13.0,15.0,13.0
Mcdonalds,Sweet Chili Signature McWrap with Grilled Chicken,420,126,14.0,3.5,0.1,90.0,830.0,44.0,6.0,11.0,30.0,22.0,18.0,30.0,35.0,15.0,24.0,60.0,2.0,6.0,6.0,15.0,Sandwiches & Wraps,10.0,12.0,11.0
Mcdonalds,Sweet Chili Signature McWrap with Crispy Chicken,520,207,23.0,4.5,0.2,45.0,1130.0,56.0,6.0,11.0,23.0,35.0,23.0,15.0,47.0,19.0,24.0,46.0,2.0,4.0,8.0,15.0,Sandwiches & Wraps,14.0,16.0,14.0
Mcdonalds,Apple Slices,40,0,0.0,0.0,0.0,0.0,5.0,10.0,2.0,8.0,0.0,0.0,0.0,0.0,0.0,3.0,8.0,0.0,0.0,130.0,2.0,2.0,Sides,2.0,2.0,1.0
Mcdonalds,Brownie RMHC Cookie,140,63,7.0,2.0,0.1,20.0,110.0,20.0,1.0,15.0,2.0,11.0,10.0,7.0,5.0,7.0,4.0,4.0,6.0,0.0,2.0,8.0,Sides,6.0,6.0,4.0
Mcdonalds,Chewy Oatmeal Caramel RMHC Cookie,160,81,9.0,4.5,0.1,5.0,160.0,20.0,1.0,12.0,2.0,14.0,23.0,2.0,7.0,7.0,4.0,4.0,0.0,0.0,2.0,4.0,Sides,7.0,7.0,5.0
Mcdonalds,Chocolate Chunk RMHC Cookie,160,72,8.0,3.5,0.0,10.0,90.0,21.0,1.0,14.0,2.0,12.0,18.0,3.0,4.0,7.0,4.0,4.0,0.0,0.0,0.0,8.0,Sides,7.0,7.0,4.0
Mcdonalds,Mini French Fries,120,54,6.0,0.5,0.0,0.0,90.0,16.0,1.0,0.0,1.0,9.0,3.0,0.0,4.0,5.0,4.0,2.0,0.0,0.0,0.0,2.0,Sides,4.0,4.0,3.0
Mcdonalds,Small French Fries,240,99,11.0,1.5,0.0,0.0,180.0,31.0,3.0,0.0,3.0,17.0,8.0,0.0,8.0,10.0,12.0,6.0,0.0,0.0,2.0,4.0,Sides,7.0,7.0,6.0
Mcdonalds,Medium French Fries,350,153,17.0,2.0,0.2,0.0,260.0,46.0,4.0,0.0,4.0,26.0,10.0,0.0,11.0,15.0,16.0,8.0,0.0,0.0,2.0,6.0,Sides,11.0,11.0,9.0
Mcdonalds,Large French Fries,560,243,27.0,3.5,0.3,0.0,420.0,74.0,6.0,0.0,6.0,42.0,18.0,0.0,18.0,25.0,24.0,12.0,0.0,0.0,2.0,8.0,Sides,17.0,17.0,15.0
Mcdonalds,Poutine,510,270,30.0,12.0,1.0,60.0,1010.0,44.0,3.0,1.0,17.0,46.0,60.0,20.0,42.0,15.0,12.0,34.0,10.0,2.0,40.0,6.0,Sides,17.0,17.0,14.0
Mcdonalds,Spicy Buffalo Chicken Poutine,1020,414,46.0,14.0,1.0,85.0,3760.0,121.0,6.0,9.0,31.0,71.0,70.0,28.0,157.0,40.0,24.0,62.0,15.0,6.0,45.0,15.0,Sides,31.0,33.0,27.0
Subway,Crispy Chicken Bacon & Peppercorn Ranch Rice Bowl,810,315,35.0,9.0,0.0,80.0,1420.0,91.0,6.0,5.0,34.0,54.0,45.0,27.0,59.0,30.0,24.0,68.0,0.0,0.0,10.0,20.0,Rice Bowls,23.0,24.0,22.0
Subway,Green Goddess Veggie Rice Bowl,690,360,40.0,8.0,0.0,25.0,1250.0,73.0,7.0,5.0,12.0,62.0,40.0,8.0,52.0,24.0,28.0,24.0,0.0,0.0,8.0,10.0,Rice Bowls,23.0,23.0,19.0
Subway,Southwest Steak & Avocado Rice Bowl,620,234,26.0,7.0,1.0,55.0,1390.0,73.0,7.0,5.0,25.0,40.0,35.0,18.0,58.0,24.0,28.0,50.0,0.0,0.0,8.0,15.0,Rice Bowls,19.0,19.0,16.0
Subway,Sweet Onion Chicken Teriyaki Rice Bowl,510,54,6.0,2.0,0.0,50.0,1140.0,90.0,5.0,24.0,23.0,9.0,10.0,17.0,48.0,30.0,20.0,46.0,0.0,0.0,4.0,10.0,Rice Bowls,15.0,17.0,13.0
Subway,Crispy Chicken Bacon & Peppercorn Ranch Rice Wrap,930,297,33.0,8.0,0.0,70.0,1750.0,119.0,7.0,6.0,40.0,51.0,40.0,23.0,73.0,40.0,28.0,80.0,0.0,0.0,14.0,35.0,Rice Wraps,26.0,27.0,25.0
Subway,Green Goddess Veggie Rice Wrap,760,297,33.0,7.0,0.0,20.0,1390.0,100.0,8.0,5.0,18.0,51.0,35.0,7.0,58.0,33.0,32.0,36.0,0.0,0.0,10.0,25.0,Rice Wraps,24.0,24.0,20.0
Subway,Southwest Steak & Avocado Rice Wrap,820,288,32.0,8.0,1.0,55.0,1820.0,102.0,8.0,7.0,31.0,49.0,40.0,18.0,76.0,34.0,32.0,62.0,0.0,0.0,10.0,30.0,Rice Wraps,25.0,25.0,21.0
Subway,Sweet Onion Chicken Teriyaki Rice Wrap,700,108,12.0,2.0,0.0,50.0,1570.0,119.0,6.0,25.0,29.0,18.0,10.0,17.0,65.0,40.0,24.0,58.0,0.0,0.0,8.0,25.0,Rice Wraps,21.0,22.0,18.0
Subway,Black Forest Ham Salad,110,27,3.0,1.0,0.0,25.0,500.0,13.0,4.0,5.0,11.0,5.0,5.0,8.0,21.0,4.0,16.0,22.0,0.0,0.0,4.0,10.0,Salads,3.0,3.0,3.0
Subway,Cold Cut Combo Salad,240,153,17.0,6.0,0.0,35.0,620.0,12.0,5.0,5.0,12.0,26.0,30.0,12.0,26.0,4.0,20.0,24.0,0.0,0.0,4.0,15.0,Salads,8.0,8.0,6.0
Subway,Italian BMT Salad,240,144,16.0,6.0,0.0,45.0,1080.0,13.0,4.0,6.0,15.0,25.0,30.0,15.0,45.0,4.0,16.0,30.0,0.0,0.0,4.0,30.0,Salads,8.0,8.0,7.0
Subway,Sweet Onion Chicken Teriyaki Salad,240,36,4.0,1.0,0.0,50.0,760.0,34.0,4.0,26.0,18.0,6.0,5.0,17.0,32.0,11.0,16.0,36.0,0.0,0.0,4.0,10.0,Salads,8.0,9.0,6.0
Subway,Tuna Salad,280,189,21.0,4.0,0.0,40.0,380.0,10.0,4.0,5.0,14.0,32.0,20.0,13.0,16.0,3.0,16.0,28.0,0.0,0.0,4.0,10.0,Salads,8.0,9.0,7.0
Subway,Turkey Breast Salad,120,27,3.0,1.0,0.0,30.0,570.0,13.0,4.0,6.0,12.0,5.0,5.0,10.0,24.0,4.0,16.0,24.0,0.0,0.0,4.0,10.0,Salads,3.0,3.0,3.0
Subway,Veggie Delight Salad,50,9,1.0,0.0,0.0,0.0,75.0,9.0,4.0,5.0,3.0,2.0,0.0,0.0,3.0,3.0,16.0,6.0,0.0,0.0,4.0,8.0,Salads,2.0,2.0,1.0
Subway,"6"" Black Forest Ham",280,35,4.0,1.0,0.0,15.0,700.0,48.0,5.0,7.0,15.0,6.0,5.0,5.0,29.0,16.0,20.0,30.0,8.0,20.0,6.0,15.0,Subway Sandwiches,8.0,8.0,7.0
Subway,Footlong Black Forest Ham,560,70,8.0,2.0,0.0,30.0,1400.0,96.0,10.0,14.0,30.0,12.0,10.0,10.0,58.0,32.0,40.0,60.0,16.0,40.0,12.0,30.0,Subway Sandwiches,16.0,16.0,14.0
Subway,"6"" Chicken & Bacon Ranch",530,220,24.0,7.0,0.4,75.0,950.0,47.0,5.0,8.0,32.0,37.0,35.0,25.0,40.0,16.0,20.0,64.0,15.0,20.0,15.0,20.0,Subway Sandwiches,14.0,16.0,14.0
Subway,Footlong Chicken & Bacon Ranch,1060,440,48.0,14.0,0.8,150.0,1900.0,94.0,10.0,16.0,64.0,74.0,70.0,50.0,79.0,31.0,40.0,128.0,30.0,40.0,30.0,40.0,Subway Sandwiches,29.0,32.0,28.0
Subway,"6"" Cold Cut Combo",430,180,20.0,7.0,0.1,40.0,890.0,47.0,6.0,7.0,17.0,31.0,35.0,13.0,37.0,16.0,24.0,34.0,8.0,20.0,6.0,20.0,Subway Sandwiches,14.0,14.0,11.0
Subway,Footlong Cold Cut Combo,860,360,40.0,14.0,0.2,80.0,1780.0,94.0,12.0,14.0,34.0,62.0,70.0,27.0,74.0,31.0,48.0,68.0,16.0,40.0,12.0,40.0,Subway Sandwiches,28.0,28.0,23.0
Subway,"6"" Italian B.M.T.",410,150,16.0,6.0,0.3,40.0,1210.0,47.0,5.0,8.0,19.0,25.0,30.0,13.0,50.0,16.0,20.0,38.0,8.0,20.0,6.0,15.0,Subway Sandwiches,13.0,13.0,11.0
Subway,Footlong Italian B.M.T.,820,130,32.0,12.0,0.6,80.0,2420.0,94.0,10.0,16.0,38.0,49.0,60.0,27.0,101.0,31.0,40.0,76.0,16.0,40.0,12.0,30.0,Subway Sandwiches,26.0,26.0,21.0
Subway,"6"" Meatball Marinara",480,160,18.0,7.0,0.5,40.0,1000.0,60.0,8.0,12.0,21.0,28.0,35.0,13.0,42.0,20.0,32.0,42.0,25.0,35.0,10.0,25.0,Subway Sandwiches,16.0,16.0,12.0
Subway,Footlong Meatball Marinara,960,320,36.0,14.0,1.0,80.0,2000.0,120.0,16.0,24.0,42.0,55.0,70.0,27.0,83.0,40.0,64.0,84.0,50.0,70.0,20.0,50.0,Subway Sandwiches,32.0,32.0,25.0
Subway,"6"" Oven Roasted Chicken",310,40,5.0,1.5,0.0,40.0,560.0,47.0,5.0,8.0,21.0,8.0,8.0,13.0,23.0,16.0,20.0,42.0,8.0,20.0,4.0,15.0,Subway Sandwiches,7.0,9.0,8.0
Subway,Footlong Oven Roasted Chicken,620,80,9.0,3.0,0.0,80.0,1120.0,94.0,10.0,16.0,42.0,14.0,15.0,27.0,47.0,31.0,40.0,84.0,16.0,40.0,8.0,30.0,Subway Sandwiches,14.0,17.0,16.0
Subway,Footlong Pizza Sub Melt,90,360,40.0,16.0,0.8,80.0,2820.0,100.0,12.0,20.0,36.0,62.0,80.0,27.0,118.0,33.0,48.0,72.0,40.0,50.0,20.0,30.0,Subway Sandwiches,6.0,6.0,23.0
Subway,"6"" Pizza Sub Melt",450,180,20.0,8.0,0.4,40.0,1410.0,50.0,6.0,10.0,18.0,31.0,40.0,13.0,59.0,17.0,24.0,36.0,20.0,25.0,10.0,15.0,Subway Sandwiches,15.0,15.0,12.0
Subway,"6"" Roast Beef",290,40,5.0,1.5,0.0,20.0,680.0,46.0,5.0,7.0,17.0,8.0,8.0,7.0,28.0,15.0,20.0,34.0,8.0,20.0,4.0,20.0,Subway Sandwiches,8.0,8.0,7.0
Subway,Footlong Roast Beef,580,80,9.0,3.0,0.0,40.0,1360.0,92.0,10.0,14.0,34.0,14.0,15.0,13.0,57.0,31.0,40.0,68.0,16.0,40.0,8.0,40.0,Subway Sandwiches,17.0,17.0,15.0
Subway,"6"" Steak & Cheese",380,90,10.0,4.0,0.4,50.0,1030.0,49.0,5.0,9.0,26.0,15.0,20.0,17.0,43.0,16.0,20.0,52.0,10.0,20.0,10.0,25.0,Subway Sandwiches,11.0,11.0,10.0
Subway,Footlong Steak & Cheese,760,180,20.0,8.0,0.8,100.0,2060.0,98.0,10.0,18.0,52.0,31.0,40.0,33.0,86.0,33.0,40.0,104.0,20.0,40.0,20.0,50.0,Subway Sandwiches,22.0,22.0,20.0
Subway,"6"" Subway Club",300,40,5.0,1.0,0.0,25.0,790.0,47.0,5.0,7.0,18.0,8.0,5.0,8.0,33.0,16.0,20.0,36.0,8.0,20.0,6.0,20.0,Subway Sandwiches,8.0,8.0,8.0
Subway,Footlong Subway Club,600,80,9.0,2.0,0.0,50.0,1580.0,94.0,10.0,14.0,36.0,14.0,10.0,17.0,66.0,31.0,40.0,72.0,16.0,40.0,12.0,40.0,Subway Sandwiches,17.0,17.0,15.0
Subway,"6"" Sweet Onion Chicken Teriyaki",370,40,4.0,1.0,0.0,50.0,770.0,58.0,5.0,16.0,23.0,6.0,5.0,17.0,32.0,19.0,20.0,46.0,10.0,25.0,6.0,20.0,Subway Sandwiches,10.0,11.0,9.0
Subway,Footlong Sweet Onion Chicken Teriyaki,740,80,8.0,2.0,0.0,100.0,1540.0,116.0,10.0,32.0,46.0,12.0,10.0,33.0,64.0,39.0,40.0,92.0,20.0,50.0,12.0,40.0,Subway Sandwiches,19.0,22.0,18.0
Subway,"6"" Tuna",480,230,25.0,5.0,0.3,40.0,580.0,44.0,5.0,7.0,20.0,38.0,25.0,13.0,24.0,15.0,20.0,40.0,10.0,20.0,4.0,20.0,Subway Sandwiches,15.0,15.0,13.0
Subway,Footlong Tuna,960,460,50.0,10.0,0.6,80.0,1160.0,88.0,10.0,14.0,40.0,77.0,50.0,27.0,48.0,29.0,40.0,80.0,20.0,40.0,8.0,40.0,Subway Sandwiches,30.0,30.0,25.0
Subway,"6"" Turkey Breast",290,35,4.0,1.0,0.0,20.0,690.0,47.0,5.0,8.0,16.0,6.0,5.0,7.0,29.0,16.0,20.0,32.0,8.0,20.0,6.0,20.0,Subway Sandwiches,8.0,8.0,7.0
Subway,Footlong Turkey Breast,580,70,8.0,2.0,0.0,40.0,1380.0,94.0,10.0,16.0,32.0,12.0,10.0,13.0,58.0,31.0,40.0,64.0,16.0,40.0,12.0,40.0,Subway Sandwiches,17.0,17.0,14.0
Subway,"6"" Turkey Breast & Ham",290,40,4.0,1.0,0.0,20.0,760.0,48.0,5.0,7.0,17.0,6.0,5.0,7.0,32.0,16.0,20.0,34.0,8.0,20.0,6.0,20.0,Subway Sandwiches,8.0,8.0,7.0
Subway,Footlong Turkey Breast & Ham,580,80,8.0,2.0,0.0,40.0,1520.0,96.0,10.0,14.0,34.0,12.0,10.0,13.0,63.0,32.0,40.0,68.0,16.0,40.0,12.0,40.0,Subway Sandwiches,17.0,17.0,15.0
Subway,"6"" Veggie Delite",230,20,3.0,0.5,0.0,0.0,280.0,44.0,5.0,7.0,8.0,5.0,3.0,0.0,12.0,15.0,20.0,16.0,8.0,20.0,4.0,15.0,Subway Sandwiches,5.0,7.0,6.0
Subway,Footlong Veggie Delite,460,40,5.0,1.0,0.0,0.0,560.0,88.0,10.0,14.0,16.0,8.0,5.0,0.0,23.0,29.0,40.0,32.0,16.0,40.0,8.0,30.0,Subway Sandwiches,12.0,14.0,12.0
Tim Hortons,12 Grain Bagel,330,81,9.0,1.5,0.0,0.0,450.0,55.0,6.0,8.0,10.0,14.0,8.0,0.0,19.0,18.0,24.0,20.0,0.0,0.0,6.0,25.0,Bagels,,,
Tim Hortons,Cheese and Chive Bagel,330,45,5.0,2.0,0.1,5.0,550.0,58.0,3.0,4.0,12.0,8.0,10.0,2.0,23.0,19.0,12.0,24.0,2.0,0.0,10.0,25.0,Bagels,,,
Tim Hortons,Cinnamon Raisin Bagel,300,18,2.0,0.3,0.0,0.0,390.0,63.0,3.0,11.0,9.0,3.0,2.0,0.0,16.0,21.0,12.0,18.0,0.0,0.0,6.0,25.0,Bagels,,,
Tim Hortons,Everything Bagel,300,27,3.0,0.5,0.0,0.0,410.0,60.0,3.0,6.0,10.0,5.0,3.0,0.0,17.0,20.0,12.0,20.0,0.0,0.0,4.0,25.0,Bagels,,,
Tim Hortons,Four Cheese Bagel,320,45,5.0,2.0,0.1,5.0,580.0,57.0,2.0,3.0,12.0,8.0,10.0,2.0,24.0,19.0,8.0,24.0,0.0,0.0,10.0,30.0,Bagels,,,
Tim Hortons,Jalapeno Asiago Mozzarella Bagel,310,36,4.0,1.5,0.1,5.0,730.0,58.0,3.0,2.0,12.0,6.0,8.0,2.0,30.0,19.0,12.0,24.0,2.0,0.0,10.0,30.0,Bagels,,,
Tim Hortons,Maple Cinnamon French Toast Bagel,350,36,4.0,1.5,0.2,5.0,540.0,67.0,2.0,15.0,10.0,6.0,8.0,2.0,23.0,22.0,8.0,20.0,0.0,0.0,8.0,25.0,Bagels,,,
Tim Hortons,Plain Bagel,290,18,2.0,0.4,0.0,0.0,440.0,58.0,2.0,4.0,9.0,3.0,2.0,0.0,18.0,19.0,8.0,18.0,0.0,0.0,4.0,25.0,Bagels,,,
Tim Hortons,Roasted Garlic & Cheese Bagel,310,45,5.0,1.5,0.0,5.0,710.0,54.0,2.0,3.0,13.0,8.0,8.0,2.0,30.0,18.0,8.0,26.0,2.0,0.0,10.0,25.0,Bagels,,,
Tim Hortons,Sesame Seed Bagel,300,27,3.0,0.5,0.0,0.0,420.0,59.0,3.0,5.0,11.0,5.0,3.0,0.0,18.0,20.0,12.0,22.0,0.0,0.0,4.0,25.0,Bagels,,,
Tim Hortons,Sundried Tomato Asiago Parm Bagel,320,45,5.0,2.0,0.1,5.0,860.0,59.0,3.0,4.0,12.0,8.0,10.0,2.0,36.0,20.0,12.0,24.0,2.0,0.0,15.0,30.0,Bagels,,,
Tim Hortons,Banana Chocolate Loaf,380,144,16.0,2.5,0.1,25.0,440.0,56.0,1.0,32.0,4.0,25.0,13.0,8.0,18.0,19.0,4.0,8.0,14.0,4.0,4.0,13.0,Baked Goods & Desserts,,,
Tim Hortons,Carrot Cake Muffin with Walnuts,350,117,13.0,2.5,0.2,30.0,360.0,53.0,2.0,27.0,5.0,20.0,13.0,10.0,15.0,18.0,8.0,10.0,45.0,4.0,10.0,15.0,Baked Goods & Desserts,,,
Tim Hortons,Chocolate Chip Muffin,420,144,16.0,4.5,0.1,35.0,330.0,66.0,2.0,35.0,6.0,25.0,23.0,12.0,14.0,22.0,8.0,12.0,0.0,0.0,4.0,30.0,Baked Goods & Desserts,,,
Tim Hortons,Chocolate Chunk Cookie,240,90,10.0,6.0,0.4,25.0,250.0,34.0,1.0,19.0,3.0,15.0,30.0,8.0,10.0,11.0,4.0,6.0,0.0,0.0,2.0,15.0,Baked Goods & Desserts,,,
Tim Hortons,Glazed Cinnamon Roll,320,108,12.0,5.0,0.1,0.0,250.0,47.0,2.0,15.0,7.0,18.0,25.0,0.0,10.0,16.0,8.0,14.0,0.0,0.0,4.0,15.0,Baked Goods & Desserts,,,
Tim Hortons,Frosted Cinnamon Roll,370,126,14.0,5.0,0.1,0.0,280.0,56.0,2.0,23.0,7.0,22.0,25.0,0.0,12.0,19.0,8.0,14.0,0.0,0.0,4.0,15.0,Baked Goods & Desserts,,,
Tim Hortons,Plain Croissant,260,126,14.0,6.0,0.1,0.0,250.0,29.0,1.0,4.0,5.0,22.0,30.0,0.0,10.0,10.0,4.0,10.0,8.0,8.0,2.0,15.0,Baked Goods & Desserts,,,
Tim Hortons,Cheese Croissant,290,135,15.0,7.0,0.1,5.0,300.0,29.0,1.0,4.0,7.0,23.0,35.0,2.0,13.0,10.0,4.0,14.0,10.0,8.0,6.0,15.0,Baked Goods & Desserts,,,
Tim Hortons,Cherry Cheese Danish,300,144,16.0,7.0,0.2,0.0,410.0,36.0,1.0,14.0,4.0,25.0,35.0,0.0,17.0,12.0,4.0,8.0,0.0,15.0,0.0,10.0,Baked Goods & Desserts,,,
Tim Hortons,Maple Pecan Danish,370,189,21.0,7.0,0.1,5.0,250.0,43.0,2.0,14.0,5.0,32.0,35.0,2.0,10.0,14.0,8.0,10.0,6.0,8.0,2.0,15.0,Baked Goods & Desserts,,,
Tim Hortons,Double Chocolate Cookie,250,108,12.0,8.0,0.4,35.0,200.0,32.0,2.0,20.0,3.0,18.0,40.0,12.0,8.0,11.0,8.0,6.0,0.0,0.0,2.0,18.0,Baked Goods & Desserts,,,
Tim Hortons,Fruit Explosion Muffin,340,90,10.0,1.5,0.1,30.0,470.0,58.0,2.0,25.0,5.0,15.0,8.0,10.0,20.0,19.0,8.0,10.0,0.0,6.0,60.0,15.0,Baked Goods & Desserts,,,
Tim Hortons,Lemon Poppyseed Loaf,340,126,14.0,2.5,0.1,40.0,320.0,49.0,2.0,25.0,5.0,22.0,13.0,13.0,13.0,16.0,8.0,10.0,1.0,5.0,1.0,14.0,Baked Goods & Desserts,,,
Tim Hortons,Blueberry Mini Strudel,60,27,3.0,1.5,0.0,0.0,65.0,8.0,0.0,3.0,1.0,5.0,8.0,0.0,3.0,3.0,0.0,2.0,2.0,0.0,0.0,3.0,Baked Goods & Desserts,,,
Tim Hortons,Apple Mini Strudel,60,27,3.0,1.5,0.0,0.0,65.0,8.0,0.0,2.0,1.0,5.0,8.0,0.0,3.0,3.0,0.0,2.0,2.0,0.0,0.0,3.0,Baked Goods & Desserts,,,
Tim Hortons,Oatmeal Raisin Spice Cookie,210,72,8.0,4.5,0.1,20.0,190.0,32.0,1.0,19.0,3.0,12.0,23.0,7.0,8.0,11.0,4.0,6.0,8.0,0.0,2.0,8.0,Baked Goods & Desserts,,,
Tim Hortons,Peanut Butter Cookie,280,153,17.0,8.0,0.4,25.0,240.0,27.0,2.0,16.0,6.0,26.0,40.0,8.0,10.0,9.0,8.0,12.0,0.0,0.0,2.0,8.0,Baked Goods & Desserts,,,
Tim Hortons,Raisin Bran Muffin,370,108,12.0,2.0,0.1,20.0,370.0,63.0,4.0,36.0,5.0,18.0,10.0,7.0,15.0,21.0,16.0,10.0,0.0,0.0,4.0,20.0,Baked Goods & Desserts,,,
Tim Hortons,Raisin Tea Biscuit,250,72,8.0,1.5,0.0,0.0,430.0,39.0,2.0,12.0,5.0,12.0,8.0,0.0,18.0,13.0,8.0,10.0,0.0,0.0,4.0,15.0,Baked Goods & Desserts,,,
Tim Hortons,Cheese Tea Biscuit,260,99,11.0,3.5,0.2,10.0,540.0,31.0,1.0,5.0,8.0,17.0,18.0,3.0,23.0,10.0,4.0,16.0,4.0,0.0,10.0,15.0,Baked Goods & Desserts,,,
Tim Hortons,Whole Grain Pecan Banana Bread Muffin,350,99,11.0,1.5,0.1,30.0,400.0,60.0,5.0,27.0,6.0,17.0,8.0,10.0,17.0,20.0,20.0,12.0,0.0,0.0,4.0,20.0,Baked Goods & Desserts,,,
Tim Hortons,Wild Blueberry Muffin,340,99,11.0,2.0,0.1,30.0,430.0,57.0,2.0,25.0,5.0,17.0,10.0,10.0,18.0,19.0,8.0,10.0,0.0,0.0,2.0,15.0,Baked Goods & Desserts,,,
Tim Hortons,Bagel B.E.L.T.,530,216,24.0,7.0,0.2,155.0,1040.0,61.0,7.0,11.0,24.0,37.0,35.0,52.0,43.0,20.0,28.0,48.0,10.0,15.0,20.0,30.0,Breakfast,,,
Tim Hortons,Egg & Cheese Bagel Sandwich,390,99,11.0,4.5,0.1,145.0,890.0,55.0,2.0,8.0,18.0,17.0,23.0,48.0,37.0,18.0,8.0,36.0,10.0,0.0,15.0,25.0,Breakfast,,,
Tim Hortons,"Bacon, Egg & Cheese Bagel Sandwich",450,144,16.0,6.0,0.1,155.0,1030.0,55.0,2.0,8.0,21.0,25.0,30.0,52.0,43.0,18.0,8.0,42.0,10.0,0.0,15.0,25.0,Breakfast,,,
Tim Hortons,"Sausage, Egg & Cheese Bagel Sandwich",560,225,25.0,10.0,0.1,170.0,1120.0,61.0,2.0,5.0,23.0,38.0,50.0,57.0,47.0,20.0,8.0,46.0,10.0,0.0,15.0,35.0,Breakfast,,,
Tim Hortons,Egg & Cheese Biscuit Sandwich,340,153,17.0,11.0,0.4,145.0,860.0,32.0,2.0,4.0,18.0,26.0,55.0,48.0,36.0,11.0,8.0,36.0,10.0,0.0,15.0,25.0,Breakfast,,,
Tim Hortons,Simply Sausage Biscuit Sandwich,380,207,23.0,12.0,0.2,25.0,600.0,29.0,2.0,3.0,11.0,35.0,60.0,8.0,25.0,10.0,8.0,22.0,1.0,0.0,2.0,17.0,Breakfast,,,
Tim Hortons,"Bacon, Egg & Cheese Biscuit Sandwich",400,198,22.0,12.0,0.4,155.0,1000.0,33.0,2.0,4.0,18.0,34.0,60.0,52.0,42.0,11.0,8.0,36.0,10.0,0.0,15.0,25.0,Breakfast,,,
Tim Hortons,"Sausage, Egg & Cheese Biscuit Sandwich",500,297,33.0,16.0,0.5,170.0,1030.0,33.0,2.0,4.0,19.0,51.0,80.0,57.0,43.0,11.0,8.0,38.0,10.0,0.0,15.0,25.0,Breakfast,,,
Tim Hortons,Egg & Cheese Croissant Sandwich,410,216,24.0,12.0,0.5,165.0,700.0,35.0,1.0,5.0,14.0,37.0,60.0,55.0,29.0,12.0,4.0,28.0,10.0,20.0,15.0,20.0,Breakfast,,,
Tim Hortons,"Bacon, Egg & Cheese Croissant Sandwich",470,261,29.0,14.0,0.5,175.0,850.0,35.0,1.0,5.0,18.0,45.0,70.0,58.0,35.0,12.0,4.0,36.0,10.0,20.0,15.0,20.0,Breakfast,,,
Tim Hortons,"Sausage, Egg & Cheese Croissant Sandwich",570,360,40.0,18.0,0.5,190.0,880.0,35.0,2.0,5.0,19.0,62.0,90.0,63.0,37.0,12.0,8.0,38.0,10.0,20.0,15.0,20.0,Breakfast,,,
Tim Hortons,Egg & Cheese English Muffin Sandwich,270,99,11.0,5.0,0.1,145.0,570.0,28.0,1.0,2.0,13.0,17.0,25.0,48.0,24.0,9.0,4.0,26.0,10.0,0.0,20.0,15.0,Breakfast,,,
Tim Hortons,"Bacon, Egg & Cheese English Muffin Sandwich",330,135,15.0,7.0,0.1,155.0,710.0,28.0,1.0,3.0,17.0,23.0,35.0,52.0,30.0,9.0,4.0,34.0,10.0,0.0,20.0,20.0,Breakfast,,,
Tim Hortons,"Sausage, Egg & Cheese English Muffin Sandwich",440,234,26.0,10.0,0.3,170.0,740.0,28.0,1.0,3.0,18.0,40.0,50.0,57.0,31.0,9.0,4.0,36.0,10.0,0.0,20.0,20.0,Breakfast,,,
Tim Hortons,Farmer's Breakfast Sandwich,660,378,42.0,17.0,0.5,175.0,1450.0,49.0,3.0,4.0,21.0,65.0,85.0,58.0,60.0,16.0,12.0,42.0,15.0,2.0,15.0,25.0,Breakfast,,,
Tim Hortons,Strawberry Greek Yogurt with Berries & Granola,270,45,5.0,0.3,0.0,0.0,90.0,40.0,3.0,25.0,15.0,8.0,2.0,0.0,4.0,13.0,12.0,30.0,6.0,15.0,35.0,40.0,Breakfast,,,
Tim Hortons,Vanilla Greek Yogurt with Berries & Granola,270,45,5.0,0.3,0.0,0.0,90.0,40.0,3.0,25.0,15.0,8.0,2.0,0.0,4.0,13.0,12.0,30.0,6.0,15.0,35.0,40.0,Breakfast,,,
Tim Hortons,Bacon Grilled Breakfast Wrap,420,207,23.0,8.0,0.2,160.0,870.0,37.0,2.0,3.0,18.0,35.0,40.0,53.0,36.0,12.0,8.0,36.0,10.0,0.0,25.0,20.0,Breakfast,,,
Tim Hortons,Sausage Grilled Breakfast Wrap,530,306,34.0,12.0,0.4,175.0,910.0,37.0,2.0,3.0,19.0,52.0,60.0,58.0,38.0,12.0,8.0,38.0,10.0,2.0,25.0,25.0,Breakfast,,,
Tim Hortons,Grilled Farmer's Breakfast Wrap,680,378,42.0,12.0,0.4,215.0,1150.0,54.0,3.0,3.0,21.0,65.0,60.0,72.0,48.0,18.0,12.0,42.0,10.0,4.0,25.0,25.0,Breakfast,,,
Tim Hortons,Harvest Breakfast Sandwich,391,162,18.0,8.0,0.2,206.0,863.0,40.0,2.0,7.0,20.0,28.0,40.0,69.0,36.0,13.0,8.0,40.0,0.0,0.0,0.0,0.0,Breakfast,,,
Tim Hortons,Harvest Farmer's Breakfast Wrap,568,261,29.0,9.0,0.4,206.0,1078.0,56.0,4.0,4.0,22.0,45.0,45.0,69.0,45.0,19.0,16.0,44.0,0.0,0.0,0.0,0.0,Breakfast,,,
Tim Hortons,Hash Brown,130,63,7.0,0.5,0.1,0.0,280.0,16.0,1.0,0.0,1.0,11.0,3.0,0.0,12.0,5.0,4.0,2.0,0.0,2.0,2.0,2.0,Breakfast,,,
Tim Hortons,Plain Oatmeal,160,27,3.0,0.5,0.0,0.0,220.0,32.0,4.0,4.0,5.0,5.0,3.0,0.0,9.0,11.0,16.0,10.0,0.0,0.0,2.0,15.0,Breakfast,,,
Tim Hortons,Mixed Berry Oatmeal,210,27,3.0,0.5,0.0,0.0,220.0,44.0,6.0,14.0,6.0,5.0,3.0,0.0,9.0,15.0,24.0,12.0,0.0,10.0,4.0,15.0,Breakfast,,,
Tim Hortons,Maple Oatmeal,220,27,3.0,0.5,0.0,0.0,220.0,49.0,4.0,20.0,5.0,5.0,3.0,0.0,9.0,16.0,16.0,10.0,0.0,0.0,4.0,15.0,Breakfast,,,
Tim Hortons,Americano,1,0.9,0.1,0.0,0.0,0.0,15.0,0.0,0.0,0.0,0.1,0.0,0.0,0.0,1.0,0.0,0.0,0.0,0.0,0.0,0.0,0.0,"Coffee, Espresso & Tea",,,
Tim Hortons,Small Biebs Brew,116,58.5,6.5,4.0,0.2,18.0,47.0,13.0,0.0,13.0,1.0,10.0,20.0,6.0,2.0,4.0,0.0,2.0,0.0,0.0,0.0,0.0,"Coffee, Espresso & Tea",,,
Tim Hortons,Medium Biebs Brew,152,72,8.0,5.0,0.3,21.0,56.0,19.0,0.0,19.0,2.0,12.0,25.0,7.0,2.0,6.0,0.0,4.0,0.0,0.0,0.0,0.0,"Coffee, Espresso & Tea",,,
Tim Hortons,Large Biebs Brew,228,117,13.0,8.0,0.4,35.0,90.0,26.0,0.0,26.0,2.0,20.0,40.0,12.0,4.0,9.0,0.0,4.0,0.0,0.0,0.0,0.0,"Coffee, Espresso & Tea",,,
Tim Hortons,Small Cafe Mocha,190,72,8.0,7.0,0.3,0.0,170.0,29.0,1.0,24.0,1.0,12.0,35.0,0.0,7.0,10.0,4.0,2.0,0.0,0.0,0.0,10.0,"Coffee, Espresso & Tea",,,
Tim Hortons,Medium Cafe Mocha,270,99,11.0,10.0,0.4,0.0,240.0,40.0,2.0,34.0,2.0,17.0,50.0,0.0,10.0,13.0,8.0,4.0,0.0,0.0,2.0,15.0,"Coffee, Espresso & Tea",,,
Tim Hortons,Large Cafe Mocha,300,108,12.0,10.0,0.4,0.0,300.0,47.0,2.0,40.0,2.0,18.0,50.0,0.0,13.0,16.0,8.0,4.0,0.0,0.0,2.0,15.0,"Coffee, Espresso & Tea",,,
Tim Hortons,Extra Large Cafe Mocha,330,108,12.0,11.0,0.4,0.0,350.0,51.0,2.0,43.0,2.0,18.0,55.0,0.0,15.0,17.0,8.0,4.0,0.0,0.0,2.0,15.0,"Coffee, Espresso & Tea",,,
Tim Hortons,Cappuccino,120,40.5,4.5,3.0,0.1,20.0,120.0,11.0,0.0,11.0,8.0,7.0,15.0,7.0,5.0,4.0,0.0,16.0,10.0,0.0,30.0,0.0,"Coffee, Espresso & Tea",,,
Tim Hortons,Caramel Iced Latte,220,45,5.0,3.0,0.1,20.0,140.0,37.0,0.0,34.0,8.0,8.0,15.0,7.0,6.0,12.0,0.0,16.0,8.0,0.0,25.0,0.0,"Coffee, Espresso & Tea",,,
Tim Hortons,Caramel Latte,270,63,7.0,4.0,0.1,25.0,180.0,41.0,0.0,38.0,11.0,11.0,20.0,8.0,8.0,14.0,0.0,22.0,10.0,0.0,35.0,0.0,"Coffee, Espresso & Tea",,,
Tim Hortons,Small Dark Roast Coffee,3,0,0.0,0.0,0.0,0.0,5.0,0.0,0.0,0.0,0.3,0.0,0.0,0.0,0.0,0.0,0.0,1.0,0.0,0.0,0.0,0.0,"Coffee, Espresso & Tea",,,
Tim Hortons,Medium Dark Roast Coffee,4,0,0.0,0.0,0.0,0.0,10.0,0.0,0.0,0.0,0.5,0.0,0.0,0.0,0.0,0.0,0.0,1.0,0.0,0.0,0.0,0.0,"Coffee, Espresso & Tea",,,
Tim Hortons,Large Dark Roast Coffee,5,0,0.0,0.0,0.0,0.0,10.0,0.0,0.0,0.0,1.0,0.0,0.0,0.0,0.0,0.0,0.0,2.0,0.0,0.0,2.0,0.0,"Coffee, Espresso & Tea",,,
Tim Hortons,Extra Large Dark Roast Coffee,5,0,0.0,0.0,0.0,0.0,15.0,0.0,0.0,0.0,1.0,0.0,0.0,0.0,1.0,0.0,0.0,2.0,0.0,0.0,2.0,0.0,"Coffee, Espresso & Tea",,,
Tim Hortons,Small Decaffeinated Coffee,3,0,0.0,0.0,0.0,0.0,5.0,0.0,0.0,0.0,0.3,0.0,0.0,0.0,0.0,0.0,0.0,1.0,0.0,0.0,0.0,0.0,"Coffee, Espresso & Tea",,,
Tim Hortons,Medium Decaffeinated Coffee,4,0,0.0,0.0,0.0,0.0,10.0,0.0,0.0,0.0,0.5,0.0,0.0,0.0,0.0,0.0,0.0,1.0,0.0,0.0,0.0,0.0,"Coffee, Espresso & Tea",,,
Tim Hortons,Large Decaffeinated Coffee,5,0,0.0,0.0,0.0,0.0,10.0,0.0,0.0,0.0,1.0,0.0,0.0,0.0,0.0,0.0,0.0,2.0,0.0,0.0,2.0,0.0,"Coffee, Espresso & Tea",,,
Tim Hortons,Extra Large Decaffeinated Coffee,5,0,0.0,0.0,0.0,0.0,15.0,0.0,0.0,0.0,1.0,0.0,0.0,0.0,1.0,0.0,0.0,2.0,0.0,0.0,2.0,0.0,"Coffee, Espresso & Tea",,,
Tim Hortons,Espresso,1,0.9,0.1,0.0,0.0,0.0,4.0,0.0,0.0,0.0,0.0,0.0,0.0,0.0,0.0,0.0,0.0,0.0,0.0,0.0,0.0,0.0,"Coffee, Espresso & Tea",,,
Tim Hortons,Small French Vanilla Cappuccino,250,72,8.0,7.0,0.1,5.0,210.0,41.0,1.0,31.0,4.0,12.0,35.0,2.0,9.0,14.0,4.0,8.0,0.0,0.0,10.0,2.0,"Coffee, Espresso & Tea",,,
Tim Hortons,Medium French Vanilla Cappuccino,310,90,10.0,9.0,0.1,5.0,270.0,52.0,2.0,40.0,5.0,15.0,45.0,2.0,11.0,17.0,8.0,10.0,0.0,0.0,15.0,2.0,"Coffee, Espresso & Tea",,,
Tim Hortons,Large French Vanilla Cappuccino,430,117,13.0,12.0,0.1,5.0,370.0,71.0,2.0,55.0,7.0,20.0,60.0,2.0,15.0,24.0,8.0,14.0,0.0,0.0,20.0,4.0,"Coffee, Espresso & Tea",,,
Tim Hortons,Extra Large French Vanilla Cappuccino,550,153,17.0,15.0,0.1,5.0,480.0,91.0,3.0,70.0,9.0,26.0,75.0,2.0,20.0,30.0,12.0,18.0,0.0,2.0,25.0,6.0,"Coffee, Espresso & Tea",,,
Tim Hortons,Small Hot Chocolate,240,54,6.0,5.0,0.2,0.0,360.0,45.0,2.0,38.0,2.0,9.0,25.0,0.0,15.0,15.0,8.0,4.0,0.0,0.0,2.0,15.0,"Coffee, Espresso & Tea",,,
Tim Hortons,Medium Hot Chocolate,300,63,7.0,6.0,0.2,0.0,460.0,57.0,3.0,49.0,2.0,11.0,30.0,0.0,19.0,19.0,12.0,4.0,0.0,0.0,2.0,20.0,"Coffee, Espresso & Tea",,,
Tim Hortons,Large Hot Chocolate,420,90,10.0,9.0,0.3,0.0,630.0,79.0,4.0,67.0,3.0,15.0,45.0,0.0,26.0,26.0,16.0,6.0,0.0,0.0,2.0,25.0,"Coffee, Espresso & Tea",,,
Tim Hortons,Extra Large Hot Chocolate,530,117,13.0,11.0,0.4,0.0,810.0,101.0,5.0,86.0,4.0,20.0,55.0,0.0,34.0,34.0,20.0,8.0,0.0,0.0,2.0,35.0,"Coffee, Espresso & Tea",,,
Tim Hortons,Small Iced Capp,250,99,11.0,6.0,0.4,45.0,50.0,33.0,0.0,33.0,2.0,17.0,30.0,15.0,2.0,11.0,0.0,4.0,8.0,0.0,10.0,2.0,"Coffee, Espresso & Tea",,,
Tim Hortons,Medium Iced Capp,360,135,15.0,9.0,0.5,60.0,70.0,48.0,0.0,47.0,3.0,23.0,45.0,20.0,3.0,16.0,0.0,6.0,10.0,0.0,15.0,2.0,"Coffee, Espresso & Tea",,,
Tim Hortons,Large Iced Capp,470,180,20.0,12.0,1.0,80.0,90.0,63.0,0.0,62.0,4.0,31.0,60.0,27.0,4.0,21.0,0.0,8.0,15.0,0.0,15.0,2.0,"Coffee, Espresso & Tea",,,
Tim Hortons,Small Iced Coffee,120,63,7.0,4.0,0.3,25.0,60.0,12.0,0.0,8.0,1.0,11.0,20.0,8.0,3.0,4.0,0.0,2.0,6.0,0.0,6.0,0.0,"Coffee, Espresso & Tea",,,
Tim Hortons,Medium Iced Coffee,160,63,7.0,4.0,0.3,25.0,90.0,22.0,0.0,13.0,2.0,11.0,20.0,8.0,4.0,7.0,0.0,4.0,6.0,0.0,6.0,0.0,"Coffee, Espresso & Tea",,,
Tim Hortons,Large Iced Coffee,260,99,11.0,7.0,0.4,45.0,135.0,33.0,0.0,21.0,3.0,17.0,35.0,15.0,6.0,11.0,0.0,6.0,8.0,0.0,10.0,0.0,"Coffee, Espresso & Tea",,,
Tim Hortons,Iced Latte,100,36,4.0,2.5,0.1,15.0,100.0,9.0,0.0,9.0,7.0,6.0,13.0,5.0,4.0,3.0,0.0,14.0,8.0,0.0,25.0,0.0,"Coffee, Espresso & Tea",,,
Tim Hortons,Latte,150,54,6.0,3.5,0.1,20.0,140.0,13.0,0.0,13.0,10.0,9.0,18.0,7.0,6.0,4.0,0.0,20.0,10.0,0.0,35.0,0.0,"Coffee, Espresso & Tea",,,
Tim Hortons,Small Mocha Iced Capp,290,99,11.0,7.0,0.4,45.0,60.0,42.0,0.0,38.0,2.0,17.0,35.0,15.0,3.0,14.0,0.0,4.0,8.0,0.0,10.0,6.0,"Coffee, Espresso & Tea",,,
Tim Hortons,Medium Mocha Iced Capp,410,144,16.0,10.0,0.5,60.0,90.0,61.0,1.0,56.0,3.0,25.0,50.0,20.0,4.0,20.0,4.0,6.0,10.0,0.0,15.0,10.0,"Coffee, Espresso & Tea",,,
Tim Hortons,Large Mocha Iced Capp,540,189,21.0,13.0,1.0,80.0,115.0,80.0,1.0,73.0,5.0,32.0,65.0,27.0,5.0,27.0,4.0,10.0,15.0,0.0,20.0,10.0,"Coffee, Espresso & Tea",,,
Tim Hortons,Small Mocha Iced Coffee,160,63,7.0,4.5,0.3,25.0,75.0,21.0,0.0,13.0,2.0,11.0,23.0,8.0,3.0,7.0,0.0,4.0,6.0,0.0,6.0,6.0,"Coffee, Espresso & Tea",,,
Tim Hortons,Medium Mocha Iced Coffee,220,63,7.0,4.5,0.3,25.0,110.0,35.0,1.0,22.0,2.0,11.0,23.0,8.0,5.0,12.0,4.0,4.0,6.0,0.0,6.0,8.0,"Coffee, Espresso & Tea",,,
Tim Hortons,Mocha Iced Latte,200,40.5,4.5,2.5,0.1,15.0,350.0,33.0,1.0,31.0,8.0,7.0,13.0,5.0,15.0,11.0,4.0,16.0,8.0,0.0,25.0,10.0,"Coffee, Espresso & Tea",,,
Tim Hortons,Mocha Latte,240,54,6.0,3.5,0.1,20.0,390.0,37.0,1.0,35.0,11.0,9.0,18.0,7.0,16.0,12.0,4.0,22.0,10.0,0.0,35.0,10.0,"Coffee, Espresso & Tea",,,
Tim Hortons,Small Original Blend Coffee,3,0,0.0,0.0,0.0,0.0,5.0,0.0,0.0,0.0,0.3,0.0,0.0,0.0,0.0,0.0,0.0,1.0,0.0,0.0,0.0,0.0,"Coffee, Espresso & Tea",,,
Tim Hortons,Medium Original Blend Coffee,4,0,0.0,0.0,0.0,0.0,10.0,0.0,0.0,0.0,0.5,0.0,0.0,0.0,0.0,0.0,0.0,1.0,0.0,0.0,0.0,0.0,"Coffee, Espresso & Tea",,,
Tim Hortons,Large Original Blend Coffee,5,0,0.0,0.0,0.0,0.0,10.0,0.0,0.0,0.0,1.0,0.0,0.0,0.0,0.0,0.0,0.0,2.0,0.0,0.0,2.0,0.0,"Coffee, Espresso & Tea",,,
Tim Hortons,Extra Large Original Blend Coffee,5,0,0.0,0.0,0.0,0.0,15.0,0.0,0.0,0.0,1.0,0.0,0.0,0.0,1.0,0.0,0.0,2.0,0.0,0.0,2.0,0.0,"Coffee, Espresso & Tea",,,
Tim Hortons,Small Pumpkin Spice Iced Capp,361,180,20.0,14.1,0.7,61.0,95.0,48.0,0.7,45.0,3.0,31.0,71.0,20.0,4.0,16.0,3.0,6.0,0.0,0.0,0.0,0.0,"Coffee, Espresso & Tea",,,
Tim Hortons,Medium Pumpkin Spice Iced Capp,470,225,25.0,17.0,0.9,81.0,125.0,62.0,0.9,58.0,4.0,38.0,85.0,27.0,5.0,21.0,4.0,8.0,0.0,0.0,0.0,0.0,"Coffee, Espresso & Tea",,,
Tim Hortons,Large Pumpkin Spice Iced Capp,594,243,27.0,18.2,0.8,89.0,156.0,79.0,1.2,74.0,5.0,42.0,91.0,30.0,7.0,26.0,5.0,10.0,0.0,0.0,0.0,0.0,"Coffee, Espresso & Tea",,,
Tim Hortons,Small Pumpkin Spice Latte,238,87.3,9.7,7.8,0.1,19.0,137.0,30.0,0.1,28.0,7.0,15.0,39.0,6.0,6.0,10.0,0.0,14.0,0.0,0.0,0.0,0.0,"Coffee, Espresso & Tea",,,
Tim Hortons,Medium Pumpkin Spice Latte,315,108,12.0,9.2,0.2,29.0,214.0,40.0,0.1,38.0,11.0,18.0,46.0,10.0,9.0,13.0,0.0,22.0,0.0,0.0,0.0,0.0,"Coffee, Espresso & Tea",,,
Tim Hortons,Large Pumpkin Spice Latte,392,135,15.0,10.7,0.2,38.0,249.0,40.0,0.1,48.0,15.0,23.0,54.0,13.0,10.0,13.0,0.0,30.0,0.0,0.0,0.0,0.0,"Coffee, Espresso & Tea",,,
Tim Hortons,Tea Latte,150,54,6.0,3.5,0.1,20.0,135.0,13.0,0.0,13.0,10.0,9.0,18.0,7.0,6.0,4.0,0.0,20.0,11.0,0.0,34.0,0.0,"Coffee, Espresso & Tea",,,
Tim Hortons,Vanilla Iced Latte,160,36,4.0,2.5,0.1,15.0,100.0,24.0,0.0,23.0,7.0,6.0,13.0,5.0,4.0,8.0,0.0,14.0,8.0,0.0,25.0,0.0,"Coffee, Espresso & Tea",,,
Tim Hortons,Vanilla Latte,200,54,6.0,3.5,0.1,20.0,140.0,28.0,0.0,27.0,10.0,9.0,18.0,7.0,6.0,9.0,0.0,20.0,10.0,0.0,35.0,0.0,"Coffee, Espresso & Tea",,,
Tim Hortons,Apple Fritter Donut,310,72,8.0,3.5,0.0,0.0,330.0,53.0,2.0,19.0,7.0,12.0,18.0,0.0,14.0,18.0,8.0,14.0,0.0,4.0,4.0,15.0,Donuts,,,
Tim Hortons,Boston Cream Filled Donut,220,54,6.0,2.5,0.0,0.0,250.0,37.0,1.0,15.0,5.0,9.0,13.0,0.0,10.0,12.0,4.0,10.0,0.0,0.0,2.0,10.0,Donuts,,,
Tim Hortons,Canadian Maple Filled Donut,210,54,6.0,2.5,0.0,0.0,250.0,37.0,1.0,16.0,5.0,9.0,13.0,0.0,10.0,12.0,4.0,10.0,0.0,0.0,2.0,10.0,Donuts,,,
Tim Hortons,Chocolate Cruller,330,162,18.0,9.0,0.3,50.0,200.0,39.0,0.0,24.0,2.0,28.0,45.0,17.0,8.0,13.0,0.0,4.0,1.0,0.0,1.0,2.0,Donuts,,,
Tim Hortons,Chocolate Dip Donut,200,54,6.0,2.5,0.0,0.0,210.0,34.0,1.0,13.0,4.0,9.0,13.0,0.0,9.0,11.0,4.0,8.0,0.0,0.0,2.0,10.0,Donuts,,,
Tim Hortons,Chocolate Eclair,290,81,9.0,6.0,0.1,0.0,230.0,47.0,1.0,20.0,5.0,14.0,30.0,0.0,10.0,16.0,4.0,10.0,0.0,0.0,2.0,14.0,Donuts,,,
Tim Hortons,Chocolate Glazed Donut,280,126,14.0,6.0,0.1,5.0,320.0,37.0,1.0,19.0,4.0,22.0,30.0,2.0,13.0,12.0,4.0,8.0,0.0,0.0,2.0,15.0,Donuts,,,
Tim Hortons,Chocolate Marble Donut,290,126,14.0,6.0,0.0,5.0,320.0,39.0,1.0,19.0,4.0,22.0,30.0,2.0,13.0,13.0,4.0,8.0,0.0,0.0,2.0,16.0,Donuts,,,
Tim Hortons,Coconut Cream Donut,230,63,7.0,3.5,0.0,0.0,250.0,39.0,1.0,16.0,5.0,11.0,18.0,0.0,10.0,13.0,4.0,10.0,0.0,0.0,1.0,12.0,Donuts,,,
Tim Hortons,Double Chocolate Donut,260,126,14.0,6.0,0.1,5.0,320.0,32.0,1.0,14.0,4.0,22.0,30.0,2.0,13.0,11.0,4.0,8.0,0.0,0.0,2.0,15.0,Donuts,,,
Tim Hortons,Easter Nest Dream Donut,347,108,12.0,7.0,0.1,2.5,199.0,55.0,1.0,31.0,5.0,18.0,35.0,1.0,8.0,18.0,4.0,10.0,0.0,0.0,0.0,0.0,Donuts,,,
Tim Hortons,Honey Cruller,280,162,18.0,9.0,0.3,50.0,200.0,27.0,0.0,12.0,2.0,28.0,45.0,17.0,8.0,9.0,0.0,4.0,0.0,0.0,2.0,2.0,Donuts,,,
Tim Hortons,Honey Dip Donut,220,54,6.0,2.5,0.0,0.0,210.0,39.0,1.0,19.0,4.0,9.0,13.0,0.0,9.0,13.0,4.0,8.0,0.0,0.0,2.0,10.0,Donuts,,,
Tim Hortons,Long John,260,54,6.0,4.0,0.0,0.0,160.0,47.0,1.0,27.0,4.0,9.0,20.0,0.0,7.0,16.0,4.0,8.0,0.0,0.0,1.0,10.0,Donuts,,,
Tim Hortons,Maple Cruller,330,162,18.0,9.0,0.3,50.0,200.0,39.0,0.0,24.0,2.0,28.0,45.0,17.0,8.0,13.0,0.0,4.0,1.0,0.0,1.0,2.0,Donuts,,,
Tim Hortons,Maple Dip Donut,200,54,6.0,2.5,0.0,0.0,210.0,34.0,1.0,14.0,4.0,9.0,13.0,0.0,9.0,11.0,4.0,8.0,0.0,0.0,2.0,10.0,Donuts,,,
Tim Hortons,Maple Eclair,290,81,9.0,6.0,0.1,0.0,230.0,46.0,1.0,20.0,5.0,14.0,30.0,0.0,10.0,15.0,4.0,10.0,0.0,0.0,2.0,14.0,Donuts,,,
Tim Hortons,Maple Swirl Donut,230,54,6.0,2.5,0.0,0.0,250.0,41.0,1.0,19.0,5.0,9.0,13.0,0.0,10.0,14.0,4.0,10.0,0.0,0.0,1.0,12.0,Donuts,,,
Tim Hortons,Old Fashion Dip Donut,240,90,10.0,5.0,0.1,15.0,270.0,33.0,1.0,15.0,3.0,15.0,25.0,5.0,11.0,11.0,4.0,6.0,0.0,0.0,4.0,10.0,Donuts,,,
Tim Hortons,Old Fashion Glazed Donut,260,90,10.0,5.0,0.1,15.0,270.0,37.0,1.0,19.0,3.0,15.0,25.0,5.0,11.0,12.0,4.0,6.0,0.0,0.0,4.0,10.0,Donuts,,,
Tim Hortons,Old Fashion Plain Donut,210,90,10.0,5.0,0.1,15.0,260.0,25.0,1.0,8.0,3.0,15.0,25.0,5.0,11.0,8.0,4.0,6.0,0.0,0.0,4.0,10.0,Donuts,,,
Tim Hortons,Raspberry Filled Donut,200,45,5.0,2.0,0.0,0.0,220.0,33.0,1.0,12.0,4.0,8.0,10.0,0.0,9.0,11.0,4.0,8.0,0.0,0.0,2.0,10.0,Donuts,,,
Tim Hortons,Sour Cream Glazed Donut,320,144,16.0,8.0,0.1,10.0,220.0,40.0,1.0,23.0,3.0,25.0,40.0,3.0,9.0,13.0,4.0,6.0,0.0,0.0,2.0,8.0,Donuts,,,
Tim Hortons,Sour Cream Plain Donut,270,144,16.0,8.0,0.1,10.0,210.0,27.0,1.0,11.0,3.0,25.0,40.0,3.0,9.0,9.0,4.0,6.0,0.0,0.0,2.0,8.0,Donuts,,,
Tim Hortons,Strawberry Filled Donut,200,45,5.0,2.0,0.0,0.0,230.0,34.0,1.0,14.0,5.0,8.0,10.0,0.0,10.0,11.0,4.0,10.0,0.0,0.0,2.0,15.0,Donuts,,,
Tim Hortons,Strawberry Shortcake Donut,250,81,9.0,6.0,0.0,0.0,250.0,38.0,1.0,18.0,5.0,14.0,30.0,0.0,10.0,13.0,4.0,10.0,0.0,0.0,2.0,15.0,Donuts,,,
Tim Hortons,Strawberry Vanilla Filled Donut,230,45,5.0,2.0,0.0,0.0,230.0,41.0,1.0,20.0,5.0,8.0,10.0,0.0,10.0,14.0,4.0,10.0,0.0,0.0,2.0,15.0,Donuts,,,
Tim Hortons,Sugar Loop Donut,180,54,6.0,2.5,0.0,0.0,210.0,28.0,1.0,8.0,4.0,9.0,13.0,0.0,9.0,9.0,4.0,8.0,0.0,0.0,2.0,10.0,Donuts,,,
Tim Hortons,Toasted Coconut Timbits,90,36,4.0,1.5,0.0,5.0,75.0,15.0,1.0,9.0,1.0,6.0,8.0,2.0,3.0,5.0,4.0,2.0,0.0,0.0,1.0,3.0,Donuts,,,
Tim Hortons,Apple Juice,130,0,0.0,0.0,0.0,0.0,30.0,32.0,0.0,29.0,0.0,0.0,0.0,0.0,1.0,11.0,0.0,0.0,0.0,100.0,0.0,2.0,Drinks,,,
Tim Hortons,Small Creamy Chocolate Chill,380,144,16.0,11.0,0.5,45.0,220.0,53.0,1.0,50.0,3.0,25.0,55.0,15.0,9.0,18.0,4.0,6.0,10.0,0.0,10.0,8.0,Drinks,,,
Tim Hortons,Medium Creamy Chocolate Chill,510,180,20.0,14.0,1.0,60.0,360.0,77.0,2.0,72.0,4.0,31.0,70.0,20.0,15.0,26.0,8.0,8.0,10.0,0.0,15.0,15.0,Drinks,,,
Tim Hortons,Large Creamy Chocolate Chill,660,225,25.0,17.0,1.0,80.0,510.0,102.0,2.0,95.0,5.0,38.0,85.0,27.0,21.0,34.0,8.0,10.0,15.0,0.0,20.0,20.0,Drinks,,,
Tim Hortons,Small Frozen Lemonade,110,0.9,0.1,0.0,0.0,0.0,10.0,27.0,0.0,26.0,0.0,0.0,0.0,0.0,0.0,9.0,0.0,0.0,0.0,2.0,0.0,0.0,Drinks,,,
Tim Hortons,Medium Frozen Lemonade,160,9,1.0,0.0,0.0,0.0,15.0,40.0,0.0,37.0,0.0,2.0,0.0,0.0,1.0,13.0,0.0,0.0,0.0,2.0,0.0,0.0,Drinks,,,
Tim Hortons,Large Frozen Lemonade,210,1.8,0.2,0.0,0.0,0.0,20.0,52.0,0.0,49.0,0.0,0.0,0.0,0.0,1.0,17.0,0.0,0.0,0.0,2.0,0.0,0.0,Drinks,,,
Tim Hortons,Small Mixed Berry Real Fruit Chill,140,0,0.0,0.0,0.0,0.0,35.0,35.0,0.0,32.0,0.0,0.0,0.0,0.0,1.0,12.0,0.0,0.0,0.0,0.0,2.0,0.0,Drinks,,,
Tim Hortons,Medium Mixed Berry Real Fruit Chill,200,0,0.0,0.0,0.0,0.0,50.0,50.0,0.0,47.0,0.0,0.0,0.0,0.0,2.0,17.0,0.0,0.0,0.0,0.0,4.0,0.0,Drinks,,,
Tim Hortons,Large Mixed Berry Real Fruit Chill,260,0,0.0,0.0,0.0,0.0,65.0,66.0,0.0,61.0,0.0,0.0,0.0,0.0,3.0,22.0,0.0,0.0,0.0,0.0,4.0,0.0,Drinks,,,
Tim Hortons,Small Mixed Berry Smoothie with Greek Yogurt,150,9,1.0,0.5,0.0,5.0,55.0,32.0,0.0,30.0,3.0,2.0,3.0,2.0,2.0,11.0,0.0,6.0,0.0,0.0,10.0,0.0,Drinks,,,
Tim Hortons,Medium Mixed Berry Smoothie with Greek Yogurt,220,13.5,1.5,1.0,0.0,5.0,80.0,47.0,0.0,43.0,5.0,2.0,5.0,2.0,3.0,16.0,0.0,10.0,0.0,0.0,15.0,0.0,Drinks,,,
Tim Hortons,Large Mixed Berry Smoothie with Greek Yogurt,290,13.5,1.5,1.0,0.0,5.0,105.0,62.0,0.0,57.0,7.0,2.0,5.0,2.0,4.0,21.0,0.0,14.0,0.0,0.0,20.0,0.0,Drinks,,,
Tim Hortons,Orange Juice,140,0,0.0,0.0,0.0,0.0,30.0,35.0,0.0,29.0,0.0,0.0,0.0,0.0,1.0,12.0,0.0,0.0,0.0,100.0,0.0,2.0,Drinks,,,
Tim Hortons,Small Raspberry Frozen Lemonade,120,0.9,0.1,0.0,0.0,0.0,10.0,28.0,0.0,26.0,0.0,0.0,0.0,0.0,0.0,9.0,0.0,0.0,0.0,2.0,0.0,0.0,Drinks,,,
Tim Hortons,Medium Raspberry Frozen Lemonade,170,0.9,0.1,0.0,0.0,0.0,15.0,41.0,0.0,37.0,0.0,0.0,0.0,0.0,1.0,14.0,0.0,0.0,0.0,2.0,0.0,0.0,Drinks,,,
Tim Hortons,Large Raspberry Frozen Lemonade,220,1.8,0.2,0.0,0.0,0.0,20.0,53.0,0.0,49.0,0.0,0.0,0.0,0.0,1.0,18.0,0.0,0.0,0.0,2.0,0.0,0.0,Drinks,,,
Tim Hortons,Small Strawberry Banana Smoothie with Greek Yogurt,140,9,1.0,0.5,0.0,5.0,30.0,30.0,0.0,27.0,3.0,2.0,3.0,2.0,1.0,10.0,0.0,6.0,0.0,0.0,10.0,0.0,Drinks,,,
Tim Hortons,Medium Strawberry Banana Smoothie with Greek Yogurt,200,13.5,1.5,1.0,0.0,5.0,45.0,44.0,0.0,40.0,5.0,2.0,5.0,2.0,2.0,15.0,0.0,10.0,0.0,0.0,15.0,2.0,Drinks,,,
Tim Hortons,Large Strawberry Banana Smoothie with Greek Yogurt,270,13.5,1.5,1.0,0.0,5.0,60.0,58.0,1.0,52.0,7.0,2.0,5.0,2.0,3.0,19.0,4.0,14.0,0.0,0.0,20.0,2.0,Drinks,,,
Tim Hortons,Small Tropical Fruit Smoothie with Greek Yogurt,150,9,1.0,0.5,0.0,5.0,55.0,32.0,0.0,30.0,3.0,2.0,3.0,2.0,2.0,11.0,0.0,6.0,0.0,0.0,10.0,0.0,Drinks,,,
Tim Hortons,Medium Tropical Fruit Smoothie with Greek Yogurt,220,13.5,1.5,1.0,0.0,5.0,80.0,47.0,0.0,43.0,5.0,2.0,5.0,2.0,3.0,16.0,0.0,10.0,0.0,0.0,15.0,0.0,Drinks,,,
Tim Hortons,Large Tropical Fruit Smoothie with Greek Yogurt,290,13.5,1.5,1.0,0.0,5.0,105.0,62.0,0.0,57.0,7.0,2.0,5.0,2.0,4.0,21.0,0.0,14.0,0.0,0.0,20.0,0.0,Drinks,,,
Tim Hortons,Small Tropical Real Fruit Chill,140,0,0.0,0.0,0.0,0.0,35.0,35.0,0.0,32.0,0.0,0.0,0.0,0.0,1.0,12.0,0.0,0.0,0.0,0.0,2.0,0.0,Drinks,,,
Tim Hortons,Medium Tropical Real Fruit Chill,200,0,0.0,0.0,0.0,0.0,50.0,50.0,0.0,47.0,0.0,0.0,0.0,0.0,2.0,17.0,0.0,0.0,0.0,0.0,4.0,0.0,Drinks,,,
Tim Hortons,Large Tropical Real Fruit Chill,260,0,0.0,0.0,0.0,0.0,65.0,66.0,0.0,61.0,0.0,0.0,0.0,0.0,3.0,22.0,0.0,0.0,0.0,0.0,4.0,0.0,Drinks,,,
Tim Hortons,Bacon Grilled Cheese Melt,600,288,32.0,18.0,0.5,85.0,1650.0,45.0,4.0,3.0,36.0,49.0,90.0,28.0,69.0,15.0,16.0,72.0,23.0,0.0,57.0,24.0,Sandwiches and Wraps,,,
Tim Hortons,BLT Sandwich,420,135,15.0,4.0,0.1,20.0,770.0,56.0,3.0,2.0,17.0,23.0,20.0,7.0,32.0,19.0,12.0,34.0,2.0,15.0,2.0,30.0,Sandwiches and Wraps,,,
Tim Hortons,Chicken Bacon Ranch Wrap,430,171,19.0,7.0,0.3,70.0,1060.0,40.0,3.0,4.0,27.0,29.0,35.0,23.0,44.0,13.0,12.0,54.0,10.0,40.0,30.0,25.0,Sandwiches and Wraps,,,
Tim Hortons,Chicken Ranch Wrap Snacker,170,45,5.0,1.5,0.0,30.0,510.0,19.0,2.0,1.0,12.0,8.0,8.0,10.0,21.0,6.0,8.0,24.0,1.0,17.0,9.0,12.0,Sandwiches and Wraps,,,
Tim Hortons,Chicken Salad Wrap,350,117,13.0,3.0,0.2,40.0,910.0,38.0,2.0,3.0,20.0,20.0,15.0,13.0,38.0,13.0,8.0,40.0,1.0,19.0,16.0,21.0,Sandwiches and Wraps,,,
Tim Hortons,Chicken Salad Wrap Snacker,180,63,7.0,1.5,0.1,25.0,510.0,18.0,1.0,0.0,11.0,11.0,8.0,8.0,21.0,6.0,4.0,22.0,0.0,10.0,9.0,11.0,Sandwiches and Wraps,,,
Tim Hortons,Chicken Strips,320,144,16.0,2.5,0.2,50.0,530.0,25.0,1.0,0.0,21.0,25.0,13.0,17.0,22.0,8.0,4.0,42.0,0.0,2.0,4.0,10.0,Sandwiches and Wraps,,,
Tim Hortons,Chipotle Cheddar Chicken Wrap,430,162,18.0,7.0,0.3,70.0,1070.0,41.0,3.0,4.0,27.0,28.0,35.0,23.0,45.0,14.0,12.0,54.0,15.0,45.0,30.0,30.0,Sandwiches and Wraps,,,
Tim Hortons,Chipotle Chicken Wrap Snacker,180,54,6.0,1.5,0.0,30.0,500.0,19.0,2.0,1.0,12.0,9.0,8.0,10.0,21.0,6.0,8.0,24.0,1.0,17.0,9.0,12.0,Sandwiches and Wraps,,,
Tim Hortons,Grilled Cheese Melt,490,216,24.0,15.0,0.5,65.0,1410.0,45.0,4.0,2.0,29.0,37.0,75.0,22.0,59.0,15.0,16.0,58.0,22.0,0.0,57.0,23.0,Sandwiches and Wraps,,,
Tim Hortons,Ham & Cheddar Sandwich,470,135,15.0,6.0,0.3,55.0,1220.0,58.0,3.0,2.0,25.0,23.0,30.0,18.0,51.0,19.0,12.0,50.0,8.0,15.0,20.0,35.0,Sandwiches and Wraps,,,
Tim Hortons,Ham & Cheddar Wrap,380,135,15.0,7.0,0.3,55.0,1150.0,40.0,2.0,3.0,21.0,23.0,35.0,18.0,48.0,13.0,8.0,42.0,8.0,17.0,30.0,23.0,Sandwiches and Wraps,,,
Tim Hortons,Turkey Bacon Club Wrap,420,153,17.0,5.0,0.1,55.0,1040.0,37.0,2.0,4.0,30.0,26.0,25.0,18.0,43.0,12.0,8.0,60.0,1.0,17.0,16.0,21.0,Sandwiches and Wraps,,,
Tim Hortons,Turkey Melt,510,189,21.0,11.0,0.5,80.0,200.0,43.0,4.0,3.0,41.0,32.0,55.0,27.0,8.0,14.0,16.0,82.0,14.0,1.0,42.0,23.0,Sandwiches and Wraps,,,
Tim Hortons,Caesar Salad w/ dressing,310,216,24.0,7.0,0.3,35.0,830.0,14.0,1.0,3.0,11.0,37.0,35.0,12.0,35.0,5.0,4.0,22.0,4.0,20.0,15.0,8.0,Sides,,,
Tim Hortons,Garden Salad w/ dressing,140,99,11.0,1.0,0.1,0.0,310.0,11.0,2.0,7.0,2.0,17.0,5.0,0.0,13.0,4.0,8.0,4.0,0.0,30.0,4.0,8.0,Sides,,,
Tim Hortons,Poutine Poutine,500,252,28.0,11.0,1.0,60.0,1400.0,43.0,3.0,2.0,18.0,43.0,55.0,20.0,58.0,14.0,12.0,36.0,13.0,11.0,41.0,7.0,Sides,,,
Tim Hortons,Savoury Potato Wedges,250,90,10.0,1.0,0.1,0.0,670.0,37.0,3.0,2.0,3.0,15.0,5.0,0.0,28.0,12.0,12.0,6.0,0.0,10.0,2.0,6.0,Sides,,,
Tim Hortons,White Bun,280,36,4.0,0.5,0.0,0.0,430.0,52.0,2.0,0.0,10.0,6.0,3.0,0.0,18.0,17.0,8.0,20.0,0.0,0.0,2.0,25.0,Sides,,,
Tim Hortons,Whole Wheat Bun,280,36,4.0,0.5,0.0,0.0,420.0,50.0,5.0,1.0,10.0,6.0,3.0,0.0,18.0,17.0,20.0,20.0,0.0,0.0,2.0,20.0,Sides,,,
Tim Hortons,Chicken Noodle Soup,120,14,2.0,0.5,0.0,5.0,710.0,21.0,1.0,2.0,5.0,3.0,3.0,2.0,30.0,7.0,4.0,10.0,4.0,40.0,2.0,4.0,Soups,,,
Tim Hortons,Chili,290,144,16.0,7.0,0.0,60.0,1180.0,20.0,5.0,5.0,18.0,25.0,35.0,20.0,49.0,7.0,20.0,36.0,4.0,10.0,8.0,25.0,Soups,,,
Tim Hortons,Cream of Broccoli Soup,150,63,7.0,2.5,0.2,10.0,680.0,16.0,2.0,6.0,6.0,11.0,13.0,3.0,28.0,5.0,8.0,12.0,25.0,25.0,15.0,4.0,Soups,,,
Tim Hortons,East Coast Clam Chowder,190,63,7.0,2.0,0.2,20.0,680.0,23.0,1.0,6.0,9.0,11.0,10.0,7.0,28.0,8.0,4.0,18.0,4.0,25.0,15.0,15.0,Soups,,,
Tim Hortons,Harvest Vegetable Soup,80,0,0.0,0.0,0.0,0.0,590.0,14.0,2.0,3.0,4.0,0.0,0.0,0.0,25.0,5.0,8.0,8.0,25.0,20.0,4.0,6.0,Soups,,,
Tim Hortons,Hearty Potato Bacon Soup,230,117,13.0,6.0,0.2,30.0,760.0,22.0,1.0,5.0,6.0,20.0,30.0,10.0,32.0,7.0,4.0,12.0,15.0,2.0,10.0,4.0,Soups,,,
Tim Hortons,Regular Spicy Thai Chicken Soup,210,108,12.0,5.0,0.3,35.0,750.0,21.0,1.0,4.0,5.0,18.0,25.0,12.0,31.0,7.0,4.0,10.0,8.0,6.0,6.0,6.0,Soups,,,
Tim Hortons,Large Spicy Thai Chicken Soup,300,153,17.0,8.0,0.4,50.0,1050.0,29.0,1.0,6.0,8.0,26.0,40.0,17.0,44.0,10.0,4.0,16.0,10.0,8.0,8.0,8.0,Soups,,,
Tim Hortons,Apple Fritter Timbits,50,14,2.0,1.0,0.0,0.0,40.0,9.0,0.0,4.0,1.0,3.0,5.0,0.0,2.0,3.0,0.0,2.0,0.0,0.0,0.0,2.0,Timbits,,,
Tim Hortons,Birthday Cake Timbits,80,27,3.0,1.5,0.0,5.0,60.0,12.0,0.0,8.0,1.0,5.0,8.0,2.0,3.0,4.0,0.0,2.0,0.0,0.0,0.0,2.0,Timbits,,,
Tim Hortons,Chocolate Glazed Timbits,90,27,3.0,1.5,0.0,0.0,85.0,14.0,0.0,8.0,1.0,5.0,8.0,0.0,4.0,5.0,0.0,2.0,0.0,0.0,0.0,4.0,Timbits,,,
Tim Hortons,Chocolate Snow Ball Timbits,70,36,4.0,1.5,0.0,0.0,85.0,8.0,0.0,3.0,1.0,6.0,8.0,0.0,4.0,3.0,0.0,2.0,0.0,0.0,1.0,4.0,Timbits,,,
Tim Hortons,Chocolate Toasted Coconut Timbits,80,36,4.0,2.0,0.0,0.0,85.0,10.0,0.0,5.0,1.0,6.0,10.0,0.0,4.0,3.0,0.0,2.0,0.0,0.0,0.0,4.0,Timbits,,,
Tim Hortons,Honey Cruller Timbits,70,27,3.0,1.5,0.1,10.0,35.0,10.0,0.0,7.0,0.0,5.0,8.0,3.0,1.0,3.0,0.0,0.0,0.0,0.0,0.0,0.0,Timbits,,,
Tim Hortons,Honey Dip Timbits,45,9,1.0,0.5,0.0,0.0,30.0,8.0,0.0,4.0,1.0,2.0,3.0,0.0,1.0,3.0,0.0,2.0,0.0,0.0,0.0,2.0,Timbits,,,
Tim Hortons,Old Fashion Glazed Timbits,80,27,3.0,1.0,0.0,5.0,75.0,14.0,0.0,9.0,1.0,5.0,5.0,2.0,3.0,5.0,0.0,2.0,0.0,0.0,0.0,2.0,Timbits,,,
Tim Hortons,Old Fashion Plain Timbits,50,27,3.0,1.0,0.0,5.0,75.0,7.0,0.0,2.0,1.0,5.0,5.0,2.0,3.0,2.0,0.0,2.0,0.0,0.0,0.0,2.0,Timbits,,,
Tim Hortons,Old Fashion Sugar Timbits,60,27,3.0,1.0,0.0,5.0,75.0,8.0,0.0,3.0,1.0,5.0,5.0,2.0,3.0,3.0,0.0,2.0,0.0,0.0,0.0,2.0,Timbits,,,
Tim Hortons,Raspberry Filled Timbits,45,9,1.0,0.5,0.0,0.0,35.0,8.0,0.0,4.0,1.0,2.0,3.0,0.0,1.0,3.0,0.0,2.0,0.0,0.0,0.0,2.0,Timbits,,,
Tim Hortons,Snow Ball Timbits,60,27,3.0,1.0,0.0,5.0,75.0,8.0,0.0,3.0,1.0,5.0,5.0,2.0,3.0,3.0,0.0,2.0,0.0,0.0,1.0,2.0,Timbits,,,
Tim Hortons,Sour Cream Glazed Timbits,90,45,5.0,2.0,0.0,5.0,55.0,7.0,0.0,3.0,1.0,8.0,10.0,2.0,2.0,2.0,0.0,2.0,0.0,0.0,0.0,2.0,Timbits,,,
Tim Hortons,Sour Cream Plain Timbits,70,45,5.0,2.0,0.0,5.0,55.0,7.0,0.0,3.0,1.0,8.0,10.0,2.0,2.0,2.0,0.0,2.0,0.0,0.0,0.0,2.0,Timbits,,,
Tim Hortons,Strawberry Filled Timbits,50,9,1.0,0.5,0.0,0.0,35.0,8.0,0.0,4.0,1.0,2.0,3.0,0.0,1.0,3.0,0.0,2.0,0.0,0.0,0.0,2.0,Timbits,,,
Tim Hortons,Birthday Cake Waffle Timbiebs,74,27,3.0,1.3,0.0,2.0,58.0,11.0,0.6,7.0,1.0,5.0,7.0,1.0,2.0,4.0,2.0,2.0,0.0,0.0,0.0,0.0,Timbits,,,
Tim Hortons,Chocolate White Fudge Timbiebs,92,36,4.0,2.0,0.0,1.0,72.0,13.0,0.3,8.0,2.0,6.0,10.0,0.0,3.0,4.0,1.0,4.0,0.0,0.0,0.0,0.0,Timbits,,,
Tim Hortons,Sour Cream Chocolate Chip Timbiebs,104,45,5.0,2.6,0.0,2.0,51.0,13.0,0.2,8.0,1.0,8.0,13.0,1.0,2.0,4.0,1.0,2.0,0.0,0.0,0.0,0.0,Timbits,,,
Tim Hortons,Venetian Cream Filled Timbits,45,18,2.0,0.5,0.0,0.0,40.0,7.0,0.0,2.0,1.0,3.0,3.0,0.0,2.0,2.0,0.0,2.0,0.0,0.0,0.0,2.0,Timbits,,,
Tim Hortons,Butter,70,72,8.0,5.0,0.3,20.0,85.0,0.0,0.0,0.0,0.0,12.0,25.0,7.0,4.0,0.0,0.0,0.0,6.0,0.0,0.0,0.0,Toppings and Spreads,,,
Tim Hortons,Light Plain Cream Cheese,100,72,8.0,5.0,0.3,30.0,220.0,2.0,0.0,2.0,4.0,12.0,25.0,10.0,9.0,1.0,0.0,8.0,10.0,0.0,4.0,0.0,Toppings and Spreads,,,
Tim Hortons,Plain Cream Cheese,130,99,11.0,7.0,0.3,45.0,170.0,3.0,0.0,3.0,3.0,17.0,35.0,15.0,7.0,1.0,0.0,6.0,10.0,0.0,6.0,0.0,Toppings and Spreads,,,
Tim Hortons,Light Strawberry Cream Cheese,130,90,10.0,6.0,0.2,30.0,140.0,9.0,0.0,7.0,2.0,15.0,30.0,10.0,6.0,3.0,0.0,4.0,8.0,0.0,6.0,0.0,Toppings and Spreads,,,
Tim Hortons,Herb and Garlic Cream Cheese,140,117,13.0,8.0,0.3,50.0,120.0,2.0,0.0,2.0,1.0,20.0,40.0,17.0,5.0,1.0,0.0,2.0,0.0,0.0,4.0,2.0,Toppings and Spreads,,,
Tim Hortons,Margarine,50,54,6.0,1.0,0.0,0.0,50.0,0.0,0.0,0.0,0.0,9.0,5.0,0.0,2.0,0.0,0.0,0.0,6.0,0.0,0.0,0.0,Toppings and Spreads,,,
Tim Hortons,Peanut Butter,100,81,9.0,1.5,0.0,0.0,75.0,4.0,1.0,2.0,4.0,14.0,8.0,0.0,3.0,1.0,4.0,8.0,0.0,0.0,0.0,2.0,Toppings and Spreads,,,
Tim Hortons,Strawberry Jam,50,0,0.0,0.0,0.0,0.0,3.0,14.0,0.0,11.0,0.0,0.0,0.0,0.0,0.0,5.0,0.0,0.0,0.0,0.0,0.0,0.0,Toppings and Spreads,,,
