Company,Category,Item,FreeStyle Points,SmartPoints,PointsPlus
a-w,Burgers,Baby Burger without Cheese,8.0,8.0,6.0
a-w,Burgers,Baby Burger with Cheese,10.0,10.0,8.0
a-w,Burgers,Beyond Meat Burger,15.0,15.0,14.0
a-w,Burgers,Buddy Burger without Cheese,11.0,11.0,8.0
a-w,Burgers,Buddy Burger with Cheese,13.0,13.0,9.0
a-w,Burgers,Cheddar Bacon Uncle Burger,25.0,25.0,20.0
a-w,Burgers,without Cheese Double Buddy Burger,13.0,13.0,11.0
a-w,Burgers,with Cheese Double Buddy Burger,15.0,15.0,11.0
a-w,Burgers,Double Teen Burger,23.0,23.0,18.0
a-w,Burgers,Grandpa Burger without Cheese,25.0,25.0,20.0
a-w,Burgers,Grandpa Burger with Cheese,27.0,27.0,21.0
a-w,Burgers,Lettuce Wrapped Baby Burger without Cheese,4.0,4.0,3.0
a-w,Burgers,Lettuce Wrapped Baby Burger with Cheese,6.0,6.0,4.0
a-w,Burgers,Lettuce Wrapped Beyond Meat Burger,10.0,10.0,9.0
a-w,Burgers,Lettuce Wrapped Buddy Burger without Cheese,7.0,7.0,5.0
a-w,Burgers,Lettuce Wrapped Buddy Burger with Cheese,9.0,9.0,6.0
a-w,Burgers,Lettuce Wrapped Cheddar Bacon Uncle Burger,21.0,21.0,16.0
a-w,Burgers,without Cheese Lettuce Wrapped Double Buddy Burger,9.0,9.0,7.0
a-w,Burgers,with Cheese Lettuce Wrapped Double Buddy Burger,12.0,12.0,8.0
a-w,Burgers,Lettuce Wrapped Double Teen Burger,18.0,18.0,13.0
a-w,Burgers,Lettuce Wrapped Grandpa Burger without Cheese,20.0,20.0,16.0
a-w,Burgers,Lettuce Wrapped Grandpa Burger with Cheese,22.0,22.0,17.0
a-w,Burgers,without Cheese Lettuce Wrapped Mama Burger,9.0,9.0,7.0
a-w,Burgers,with Cheese Lettuce Wrapped Mama Burger,11.0,11.0,8.0
a-w,Burgers,Single Lettuce Wrapped Mozza Burger,16.0,16.0,12.0
a-w,Burgers,Double Lettuce Wrapped Mozza Burger,22.0,22.0,17.0
a-w,Burgers,Lettuce Wrapped Papa Burger without Cheese,14.0,14.0,11.0
a-w,Burgers,Lettuce Wrapped Papa Burger with Cheese,16.0,16.0,12.0
a-w,Burgers,Lettuce Wrapped Teen Burger,12.0,12.0,8.0
a-w,Burgers,without Cheese Mama Burger,13.0,13.0,11.0
a-w,Burgers,with Cheese Mama Burger,15.0,15.0,12.0
a-w,Burgers,Single Mozza Burger,21.0,21.0,16.0
a-w,Burgers,Double Mozza Burger,27.0,27.0,21.0
a-w,Burgers,Papa Burger without Cheese,19.0,19.0,16.0
a-w,Burgers,Papa Burger with Cheese,21.0,21.0,17.0
a-w,Burgers,Teen Burger,17.0,17.0,13.0
a-w,Chicken,Bacon Ranch Chicken Wrap,7.0,8.0,7.0
a-w,Chicken,BLT Chicken Burger,19.0,21.0,18.0
a-w,Chicken,Chicken Buddy Burger,9.0,11.0,10.0
a-w,Chicken,3 Piece Chicken Strips,7.0,8.0,8.0
a-w,Chicken,5 Piece Chicken Strips,11.0,13.0,13.0
a-w,Chicken,Chubby Chicken Burger,12.0,14.0,13.0
a-w,Chicken,Double Chicken Buddy Burger,11.0,15.0,13.0
a-w,Chicken,Lettuce Wrapped BLT Chicken Burger,12.0,13.0,12.0
a-w,Chicken,Lettuce Wrapped Chicken Buddy Burger,5.0,7.0,6.0
a-w,Chicken,Lettuce Wrapped Chubby Chicken Burger,9.0,10.0,10.0
a-w,Chicken,Lettuce Wrapped Double Chicken Buddy Burger,7.0,10.0,9.0
a-w,Chicken,Lettuce Wrapped Spicy Habanero Chicken Burger,9.0,10.0,10.0
a-w,Chicken,Nashville Hot Chicken Sandwich,15.0,17.0,15.0
a-w,Chicken,Spicy Chipotle Chicken Wrap,7.0,8.0,7.0
a-w,Chicken,Spicy Habanero Chicken Burger,13.0,15.0,15.0
a-w,Breakfast,All Canadian Special,27.0,29.0,24.0
a-w,Breakfast,Bacon & Egger on English Muffin,11.0,12.0,10.0
a-w,Breakfast,Bacon & Egger on Sesame Seed Bun,12.0,13.0,11.0
a-w,Breakfast,Breakfast Wrap,6.0,7.0,6.0
a-w,Breakfast,Cheese & Egger on English Muffin,10.0,11.0,9.0
a-w,Breakfast,Cheese & Egger on Sesame Seed Bun,11.0,12.0,10.0
a-w,Breakfast,Classic Bacon & Eggs,15.0,16.0,14.0
a-w,Breakfast,Hash Brown,5.0,5.0,5.0
a-w,Breakfast,Pancakes with Syrup,24.0,24.0,16.0
a-w,Breakfast,Sausage & Cheddar on English Muffin,15.0,15.0,12.0
a-w,Breakfast,Sausage & Cheddar on Sesame Seed Bun,16.0,16.0,13.0
a-w,Breakfast,Sausage & Egger on English Muffin,16.0,17.0,14.0
a-w,Breakfast,Sausage & Egger on Sesame Seed Bun,17.0,18.0,15.0
a-w,Condiments,Barbecue Dipping Sauce,3.0,3.0,2.0
a-w,Condiments,Chipotle Mayonnaise,12.0,12.0,11.0
a-w,Condiments,Small Gravy,2.0,2.0,1.0
a-w,Condiments,Regular Gravy,3.0,3.0,2.0
a-w,Condiments,Honey Mustard Dipping Sauce,4.0,4.0,3.0
a-w,Condiments,Jalapeno Ranch Dipping Sauce,4.0,4.0,3.0
a-w,Condiments,Sweet & Sour Dipping Sauce,3.0,3.0,2.0
a-w,Drinks,Small Apple Juice,10.0,10.0,5.0
a-w,Drinks,Large Apple Juice,18.0,18.0,8.0
a-w,Drinks,Chocolate Milk,7.0,7.0,4.0
a-w,Drinks,Small Chocolate Milkshake,21.0,21.0,11.0
a-w,Drinks,Large Chocolate Milkshake,35.0,35.0,19.0
a-w,Drinks,Small Coca-Cola,9.0,9.0,4.0
a-w,Drinks,Large Coca-Cola,15.0,15.0,7.0
a-w,Drinks,Coffee,9.0,9.0,0.0
a-w,Drinks,Small Diet Coke,0.0,0.0,0.0
a-w,Drinks,Large Diet Coke,0.0,0.0,0.0
a-w,Drinks,Small Diet Root Beer,0.0,0.0,0.0
a-w,Drinks,Large Diet Root Beer,0.0,0.0,0.0
a-w,Drinks,Hot Chocolate,7.0,7.0,3.0
a-w,Drinks,Small Iced Tea,7.0,7.0,3.0
a-w,Drinks,Large Iced Tea,12.0,12.0,5.0
a-w,Drinks,Small Lemonade,8.0,8.0,4.0
a-w,Drinks,Large Lemonade,17.0,17.0,6.0
a-w,Drinks,Milk,5.0,5.0,3.0
a-w,Drinks,Small Orange Juice,9.0,9.0,4.0
a-w,Drinks,Large Orange Juice,15.0,15.0,7.0
a-w,Drinks,Small Root Beer,9.0,9.0,4.0
a-w,Drinks,Large Root Beer,16.0,16.0,7.0
a-w,Drinks,Diet Root Beer Float,7.0,7.0,4.0
a-w,Drinks,Regular Root Beer Float,17.0,17.0,8.0
a-w,Drinks,Small Root Beer Milkshake,23.0,23.0,11.0
a-w,Drinks,Large Root Beer Milkshake,35.0,35.0,19.0
a-w,Drinks,Small Sprite,9.0,9.0,4.0
a-w,Drinks,Large Sprite,15.0,15.0,7.0
a-w,Drinks,Small Strawberry Milkshake,21.0,21.0,11.0
a-w,Drinks,Large Strawberry Milkshake,35.0,35.0,19.0
a-w,Drinks,Tea,0.0,0.0,0.0
a-w,Drinks,Small Vanilla Milkshake,21.0,21.0,11.0
a-w,Drinks,Large Vanilla Milkshake,35.0,35.0,19.0
a-w,Sides,Apple Turnover,11.0,11.0,8.0
a-w,Sides,Cherry Turnover,8.0,8.0,6.0
a-w,Sides,Kids Fries,8.0,8.0,7.0
a-w,Sides,Regular Fries,12.0,12.0,11.0
a-w,Sides,Onion Rings,16.0,16.0,14.0
a-w,Sides,Poutine,22.0,22.0,18.0
a-w,Sides,Root Beer Lollipop,2.0,2.0,1.0
dairy-queen,Blizzards,Mini Choco Brownie Extreme Blizzard,20.0,20.0,12.0
dairy-queen,Blizzards,Small Choco Brownie Extreme Blizzard,30.0,30.0,18.0
dairy-queen,Blizzards,Medium Choco Brownie Extreme Blizzard,39.0,39.0,23.0
dairy-queen,Blizzards,Large Choco Brownie Extreme Blizzard,54.0,54.0,32.0
dairy-queen,Blizzards,Mini Chocolate Chip Cookie Dough Blizzard,20.0,20.0,12.0
dairy-queen,Blizzards,Small Chocolate Chip Cookie Dough Blizzard,34.0,34.0,20.0
dairy-queen,Blizzards,Medium Chocolate Chip Cookie Dough Blizzard,50.0,50.0,29.0
dairy-queen,Blizzards,Large Chocolate Chip Cookie Dough Blizzard,65.0,65.0,38.0
dairy-queen,Blizzards,Cotton Candy Blizzard Mini,20.0,20.0,11.0
dairy-queen,Blizzards,Cotton Candy Blizzard Small,31.0,31.0,17.0
dairy-queen,Blizzards,Cotton Candy Blizzard Medium,44.0,44.0,25.0
dairy-queen,Blizzards,Cotton Candy Blizzard Large,59.0,59.0,33.0
dairy-queen,Blizzards,Mini Frosted Sugar Cookie Blizzard,18.0,18.0,11.0
dairy-queen,Blizzards,Small Frosted Sugar Cookie Blizzard,33.0,33.0,20.0
dairy-queen,Blizzards,Medium Frosted Sugar Cookie Blizzard,45.0,45.0,27.0
dairy-queen,Blizzards,Large Frosted Sugar Cookie Blizzard,58.0,58.0,35.0
dairy-queen,Blizzards,Girl Guides Chocolatey Mint Blizzard Mini,18.0,18.0,11.0
dairy-queen,Blizzards,Girl Guides Chocolatey Mint Blizzard Small,32.0,32.0,19.0
dairy-queen,Blizzards,Girl Guides Chocolatey Mint Blizzard Medium,44.0,44.0,25.0
dairy-queen,Blizzards,Girl Guides Chocolatey Mint Blizzard Large,57.0,57.0,33.0
dairy-queen,Blizzards,Mini Mint Oreo Blizzard,20.0,20.0,11.0
dairy-queen,Blizzards,Small Mint Oreo Blizzard,34.0,34.0,18.0
dairy-queen,Blizzards,Medium Mint Oreo Blizzard,44.0,44.0,24.0
dairy-queen,Blizzards,Large Mint Oreo Blizzard,63.0,63.0,34.0
dairy-queen,Blizzards,Mini Nestle Drumstick with Peanuts Blizzard,20.0,20.0,11.0
dairy-queen,Blizzards,Small Nestle Drumstick with Peanuts Blizzard,33.0,33.0,20.0
dairy-queen,Blizzards,Medium Nestle Drumstick with Peanuts Blizzard,50.0,50.0,29.0
dairy-queen,Blizzards,Large Nestle Drumstick with Peanuts Blizzard,67.0,67.0,39.0
dairy-queen,Blizzards,Mini Oreo Blizzard,19.0,19.0,11.0
dairy-queen,Blizzards,Small Oreo Blizzard,31.0,31.0,17.0
dairy-queen,Blizzards,Medium Oreo Blizzard,41.0,41.0,22.0
dairy-queen,Blizzards,Large Oreo Blizzard,59.0,59.0,32.0
dairy-queen,Blizzards,Mini Oreo Dirt Pie Blizzard,22.0,22.0,13.0
dairy-queen,Blizzards,Small Oreo Dirt Pie Blizzard,40.0,40.0,23.0
dairy-queen,Blizzards,Medium Oreo Dirt Pie Blizzard,55.0,55.0,32.0
dairy-queen,Blizzards,Large Oreo Dirt Pie Blizzard,74.0,74.0,43.0
dairy-queen,Blizzards,Mini Reese Peanut Butter Cups Blizzard,17.0,17.0,10.0
dairy-queen,Blizzards,Small Reese Peanut Butter Cups Blizzard,28.0,28.0,17.0
dairy-queen,Blizzards,Medium Reese Peanut Butter Cups Blizzard,36.0,36.0,22.0
dairy-queen,Blizzards,Large Reese Peanut Butter Cups Blizzard,48.0,48.0,29.0
dairy-queen,Blizzards,Mini Royal Oreo Blizzard,25.0,25.0,13.0
dairy-queen,Blizzards,Small Royal Oreo Blizzard,40.0,40.0,22.0
dairy-queen,Blizzards,Medium Royal Oreo Blizzard,56.0,56.0,30.0
dairy-queen,Blizzards,Large Royal Oreo Blizzard,70.0,70.0,37.0
dairy-queen,Blizzards,Mini Royal Reese's Brownie Blizzard,23.0,23.0,15.0
dairy-queen,Blizzards,Small Royal Reese's Brownie Blizzard,39.0,39.0,24.0
dairy-queen,Blizzards,Medium Royal Reese's Brownie Blizzard,53.0,53.0,33.0
dairy-queen,Blizzards,Large Royal Reese's Brownie Blizzard,69.0,69.0,43.0
dairy-queen,Blizzards,Mini Skor Blizzard,19.0,19.0,11.0
dairy-queen,Blizzards,Small Skor Blizzard,30.0,30.0,17.0
dairy-queen,Blizzards,Medium Skor Blizzard,44.0,44.0,24.0
dairy-queen,Blizzards,Large Skor Blizzard,59.0,59.0,33.0
dairy-queen,Blizzards,Mini Smarties Blizzard,19.0,19.0,10.0
dairy-queen,Blizzards,Small Smarties Blizzard,32.0,32.0,18.0
dairy-queen,Blizzards,Medium Smarties Blizzard,44.0,44.0,24.0
dairy-queen,Blizzards,Large Smarties Blizzard,58.0,58.0,32.0
dairy-queen,Blizzards,Mini Strawberry Cheesecake Blizzard,15.0,15.0,9.0
dairy-queen,Blizzards,Small Strawberry Cheesecake Blizzard,25.0,25.0,15.0
dairy-queen,Blizzards,Medium Strawberry Cheesecake Blizzard,33.0,33.0,19.0
dairy-queen,Blizzards,Large Strawberry Cheesecake Blizzard,44.0,44.0,26.0
dairy-queen,Blizzards,Mini Turtles with Pecans Blizzard,18.0,18.0,11.0
dairy-queen,Blizzards,Small Turtles with Pecans Blizzard,33.0,33.0,20.0
dairy-queen,Blizzards,Medium Turtles with Pecans Blizzard,45.0,45.0,27.0
dairy-queen,Blizzards,Large Turtles with Pecans Blizzard,60.0,60.0,36.0
dairy-queen,Blizzards,Mini Very Cherry Chip Blizzard,16.0,16.0,9.0
dairy-queen,Blizzards,Small Very Cherry Chip Blizzard,28.0,28.0,16.0
dairy-queen,Blizzards,Medium Very Cherry Chip Blizzard,37.0,37.0,21.0
dairy-queen,Blizzards,Large Very Cherry Chip Blizzard,47.0,47.0,27.0
dairy-queen,Burgers and Sandwiches,Double Bacon Two Cheese Deluxe Stackburger,22.0,22.0,19.0
dairy-queen,Burgers and Sandwiches,Triple Bacon Two Cheese Deluxe Stackburger,28.0,28.0,24.0
dairy-queen,Burgers and Sandwiches,1/2 lb Cheese GrillBurger,26.0,26.0,22.0
dairy-queen,Burgers and Sandwiches,Cheeseburger,12.0,12.0,10.0
dairy-queen,Burgers and Sandwiches,Crispy Chicken Sandwich,13.0,14.0,13.0
dairy-queen,Burgers and Sandwiches,Double Cheeseburger,17.0,17.0,14.0
dairy-queen,Burgers and Sandwiches,Double FlameThrower Stackburger,23.0,23.0,20.0
dairy-queen,Burgers and Sandwiches,Triple FlameThrower Stackburger,29.0,29.0,25.0
dairy-queen,Burgers and Sandwiches,Grilled Chicken Sandwich,10.0,11.0,11.0
dairy-queen,Burgers and Sandwiches,Double Loaded Steakhouse Stackburger,26.0,26.0,22.0
dairy-queen,Burgers and Sandwiches,Triple Loaded Steakhouse Stackburger,32.0,32.0,27.0
dairy-queen,Burgers and Sandwiches,Double Mushroom Cheeseburger Stackburger,19.0,19.0,16.0
dairy-queen,Burgers and Sandwiches,Triple Mushroom Cheeseburger Stackburger,25.0,25.0,21.0
dairy-queen,Burgers and Sandwiches,Double Two Cheese Deluxe Stackburger,19.0,19.0,16.0
dairy-queen,Burgers and Sandwiches,Triple Two Cheese Deluxe Stackburger,26.0,26.0,22.0
dairy-queen,Burgers and Sandwiches,Ultimate GrillBurger,21.0,21.0,17.0
dairy-queen,Chicken Strips,4 Piece Chicken Strip Basket,23.0,25.0,22.0
dairy-queen,Chicken Strips,6 piece Chicken Strip Basket,30.0,33.0,30.0
dairy-queen,Chicken Strips,4 Piece Honey BBQ Glazed Chicken Strip Basket,24.0,27.0,23.0
dairy-queen,Chicken Strips,6 piece Honey BBQ Glazed Chicken Strip Basket,34.0,37.0,31.0
dairy-queen,Chicken Strips,6 Piece Rotisserie-Style Chicken Bites,1.0,3.0,4.0
dairy-queen,Chicken Strips,8 Piece Rotisserie-Style Chicken Bites,2.0,4.0,5.0
dairy-queen,Chicken Strips,6 Piece Rotisserie-Style Chicken Bites Basket,10.0,11.0,11.0
dairy-queen,Chicken Strips,8 Piece Rotisserie-Style Chicken Bites Basket,10.0,12.0,13.0
dairy-queen,Ice Cream Cones,Kids Butterscotch Dipped Ice Cream Cone,10.0,10.0,6.0
dairy-queen,Ice Cream Cones,Small Butterscotch Dipped Ice Cream Cone,16.0,16.0,10.0
dairy-queen,Ice Cream Cones,Medium Butterscotch Dipped Ice Cream Cone,23.0,23.0,13.0
dairy-queen,Ice Cream Cones,Large Butterscotch Dipped Ice Cream Cone,32.0,32.0,19.0
dairy-queen,Ice Cream Cones,Kids Chocolate Dipped Ice Cream Cone,10.0,10.0,6.0
dairy-queen,Ice Cream Cones,Small Chocolate Dipped Ice Cream Cone,16.0,16.0,9.0
dairy-queen,Ice Cream Cones,Medium Chocolate Dipped Ice Cream Cone,23.0,23.0,13.0
dairy-queen,Ice Cream Cones,Large Chocolate Dipped Ice Cream Cone,32.0,32.0,19.0
dairy-queen,Ice Cream Cones,Kids Fruity Blast Dipped Cone,10.0,10.0,6.0
dairy-queen,Ice Cream Cones,Small Fruity Blast Dipped Cone,16.0,16.0,10.0
dairy-queen,Ice Cream Cones,Medium Fruity Blast Dipped Cone,24.0,24.0,14.0
dairy-queen,Ice Cream Cones,Large Fruity Blast Dipped Cone,33.0,33.0,19.0
dairy-queen,Ice Cream Cones,Kids Vanilla Ice Cream Cone,8.0,8.0,5.0
dairy-queen,Ice Cream Cones,Small Vanilla Ice Cream Cone,11.0,11.0,7.0
dairy-queen,Ice Cream Cones,Medium Vanilla Ice Cream Cone,15.0,15.0,9.0
dairy-queen,Ice Cream Cones,Large Vanilla Ice Cream Cone,22.0,22.0,13.0
dairy-queen,Misty Slush,Small Blue Raspberry Misty Slush,12.0,12.0,5.0
dairy-queen,Misty Slush,Meidum Blue Raspberry Misty Slush,16.0,16.0,7.0
dairy-queen,Misty Slush,Large Blue Raspberry Misty Slush,21.0,21.0,9.0
dairy-queen,Misty Slush,Small Cherry Misty Slush,12.0,12.0,5.0
dairy-queen,Misty Slush,Medium Cherry Misty Slush,16.0,16.0,7.0
dairy-queen,Misty Slush,Large Cherry Misty Slush,21.0,21.0,9.0
dairy-queen,Misty Slush,Small Grape Misty Slush,12.0,12.0,5.0
dairy-queen,Misty Slush,Medium Grape Misty Slush,16.0,16.0,7.0
dairy-queen,Misty Slush,Large Grape Misty Slush,21.0,21.0,9.0
dairy-queen,Misty Slush,Small Lemon Lime Misty Slush,12.0,12.0,5.0
dairy-queen,Misty Slush,Medium Lemon Lime Misty Slush,16.0,16.0,7.0
dairy-queen,Misty Slush,Large Lemon Lime Misty Slush,21.0,21.0,9.0
dairy-queen,Misty Slush,Small Misty Float,16.0,16.0,9.0
dairy-queen,Misty Slush,Medium Misty Float,21.0,21.0,11.0
dairy-queen,Misty Slush,Large Misty Float,27.0,27.0,14.0
dairy-queen,Misty Slush,Small Misty Freeze,19.0,19.0,10.0
dairy-queen,Misty Slush,Medium Misty Freeze,23.0,23.0,13.0
dairy-queen,Misty Slush,Large Misty Freeze,30.0,30.0,17.0
dairy-queen,Misty Slush,Small Strawberry Kiwi Misty Slush,12.0,12.0,5.0
dairy-queen,Misty Slush,Medium Strawberry Kiwi Misty Slush,16.0,16.0,7.0
dairy-queen,Misty Slush,Large Strawberry Kiwi Misty Slush,21.0,21.0,9.0
dairy-queen,MooLattes,Small Cappuccino MooLatte,23.0,23.0,13.0
dairy-queen,MooLattes,Medium Cappuccino MooLatte,29.0,29.0,16.0
dairy-queen,MooLattes,Large Cappuccino MooLatte,35.0,35.0,19.0
dairy-queen,MooLattes,Small Caramel MooLatte,26.0,26.0,14.0
dairy-queen,MooLattes,Medium Caramel MooLatte,33.0,33.0,18.0
dairy-queen,MooLattes,Large Caramel MooLatte,41.0,41.0,23.0
dairy-queen,MooLattes,Small Mocha MooLatte,25.0,25.0,14.0
dairy-queen,MooLattes,Medium Mocha MooLatte,34.0,34.0,19.0
dairy-queen,MooLattes,Large Mocha MooLatte,40.0,40.0,23.0
dairy-queen,MooLattes,Small Vanilla MooLatte,25.0,25.0,13.0
dairy-queen,MooLattes,Medium Vanilla MooLatte,31.0,31.0,17.0
dairy-queen,MooLattes,Large Vanilla MooLatte,39.0,39.0,21.0
dairy-queen,Novelties,Buster Bar,22.0,22.0,13.0
dairy-queen,Novelties,Dilly Bar,10.0,10.0,5.0
dairy-queen,Novelties,Fudge Bar,2.0,2.0,2.0
dairy-queen,Novelties,Ice Cream Sandwich,8.0,8.0,5.0
dairy-queen,Novelties,Non-Dairy Dilly Bar,13.0,13.0,7.0
dairy-queen,Novelties,Vanilla Orange Bar,2.0,2.0,2.0
dairy-queen,Orange Julius,Small Mango Pineapple Julius,14.0,14.0,6.0
dairy-queen,Orange Julius,Medium Mango Pineapple Julius,19.0,19.0,9.0
dairy-queen,Orange Julius,Large Mango Pineapple Julius,28.0,28.0,13.0
dairy-queen,Orange Julius,Small Mango Pineapple Smoothie,14.0,14.0,7.0
dairy-queen,Orange Julius,Medium Mango Pineapple Smoothie,18.0,18.0,9.0
dairy-queen,Orange Julius,Large Mango Pineapple Smoothie,22.0,22.0,12.0
dairy-queen,Orange Julius,Extra Large Mango Pineapple Smoothie,32.0,32.0,16.0
dairy-queen,Orange Julius,Small Orange Julius,11.0,11.0,5.0
dairy-queen,Orange Julius,Medium Orange Julius,15.0,15.0,7.0
dairy-queen,Orange Julius,Large Orange Julius,23.0,23.0,11.0
dairy-queen,Orange Julius,Small Strawberry Banana Smoothie,14.0,14.0,7.0
dairy-queen,Orange Julius,Medium Strawberry Banana Smoothie,19.0,19.0,10.0
dairy-queen,Orange Julius,Large Strawberry Banana Smoothie,23.0,23.0,12.0
dairy-queen,Orange Julius,Extra Large Strawberry Banana Smoothie,32.0,32.0,17.0
dairy-queen,Orange Julius,Small Strawberry Julius,14.0,14.0,6.0
dairy-queen,Orange Julius,Medium Strawberry Julius,18.0,18.0,8.0
dairy-queen,Orange Julius,Large Strawberry Julius,27.0,27.0,12.0
dairy-queen,Orange Julius,Small Strawberry Smoothie,12.0,12.0,6.0
dairy-queen,Orange Julius,Medium Strawberry Smoothie,17.0,17.0,9.0
dairy-queen,Orange Julius,Large Strawberry Smoothie,21.0,21.0,11.0
dairy-queen,Orange Julius,Extra Large Strawberry Smoothie,29.0,29.0,15.0
dairy-queen,Shakes,Small Caramel Shake,27.0,27.0,16.0
dairy-queen,Shakes,Medium Caramel Shake,37.0,37.0,21.0
dairy-queen,Shakes,Large Caramel Shake,48.0,48.0,28.0
dairy-queen,Shakes,Small Cherry Shake,25.0,25.0,14.0
dairy-queen,Shakes,Medium Cherry Shake,32.0,32.0,18.0
dairy-queen,Shakes,Large Cherry Shake,40.0,40.0,23.0
dairy-queen,Shakes,Small Chocolate Shake,27.0,27.0,15.0
dairy-queen,Shakes,Medium Chocolate Shake,36.0,36.0,20.0
dairy-queen,Shakes,Large Chocolate Shake,46.0,46.0,26.0
dairy-queen,Shakes,Small Hot Fudge Shake,27.0,27.0,16.0
dairy-queen,Shakes,Medium Hot Fudge Shake,38.0,38.0,22.0
dairy-queen,Shakes,Large Hot Fudge Shake,49.0,49.0,28.0
dairy-queen,Shakes,Small Pumpkin Shake,25.0,25.0,14.0
dairy-queen,Shakes,Medium Pumpkin Shake,30.0,30.0,17.0
dairy-queen,Shakes,Large Pumpkin Shake,41.0,41.0,23.0
dairy-queen,Shakes,Small S'mores Shake,25.0,25.0,18.0
dairy-queen,Shakes,Medium S'mores Shake,45.0,45.0,26.0
dairy-queen,Shakes,Large S'mores Shake,61.0,61.0,35.0
dairy-queen,Shakes,Small Strawberry Shake,24.0,24.0,14.0
dairy-queen,Shakes,Medium Strawberry Shake,31.0,31.0,18.0
dairy-queen,Shakes,Large Strawberry Shake,39.0,39.0,22.0
dairy-queen,Shakes,Small Vanilla Shake,26.0,26.0,15.0
dairy-queen,Shakes,Medium Vanilla Shake,33.0,33.0,19.0
dairy-queen,Shakes,Large Vanilla Shake,43.0,43.0,25.0
dairy-queen,Snacks & Sides,Buffalo Chicken Snack Melt,7.0,8.0,7.0
dairy-queen,Snacks & Sides,Chicken BBQ Snack Melt,8.0,9.0,7.0
dairy-queen,Snacks & Sides,Grilled Chicken BLT Salad,5.0,7.0,7.0
dairy-queen,Snacks & Sides,Crispy Chicken BLT Salad,10.0,11.0,10.0
dairy-queen,Snacks & Sides,Grilled FlameThrower Chicken Wrap,8.0,9.0,8.0
dairy-queen,Snacks & Sides,Crispy FlameThrower Chicken Wrap,10.0,11.0,10.0
dairy-queen,Snacks & Sides,Kids Fries,7.0,7.0,7.0
dairy-queen,Snacks & Sides,Regular Fries,8.0,8.0,7.0
dairy-queen,Snacks & Sides,Large Fries,14.0,14.0,12.0
dairy-queen,Snacks & Sides,Regular Onion Rings,8.0,8.0,7.0
dairy-queen,Snacks & Sides,Large Onion Rings,17.0,17.0,14.0
dairy-queen,Snacks & Sides,Potato Skins,8.0,8.0,7.0
dairy-queen,Snacks & Sides,Poutine,14.0,14.0,12.0
dairy-queen,Snacks & Sides,Grilled Ranch Chicken Wrap,6.0,7.0,7.0
dairy-queen,Snacks & Sides,Crispy Ranch Chicken Wrap,9.0,10.0,9.0
dairy-queen,Snacks & Sides,Soft Pretzel Sticks with Zesty Queso,11.0,11.0,9.0
dairy-queen,Sundaes & Royal Treats,Banana Split,26.0,26.0,15.0
dairy-queen,Sundaes & Royal Treats,Brownie and Oreo Cupfection,36.0,36.0,20.0
dairy-queen,Sundaes & Royal Treats,Small Caramel Sundae,14.0,14.0,8.0
dairy-queen,Sundaes & Royal Treats,Medium Caramel Sundae,21.0,21.0,12.0
dairy-queen,Sundaes & Royal Treats,Large Caramel Sundae,30.0,30.0,17.0
dairy-queen,Sundaes & Royal Treats,Small Cherry Sundae,12.0,12.0,7.0
dairy-queen,Sundaes & Royal Treats,Medium Cherry Sundae,17.0,17.0,10.0
dairy-queen,Sundaes & Royal Treats,Large Cherry Sundae,24.0,24.0,14.0
dairy-queen,Sundaes & Royal Treats,Small Chocolate Sundae,14.0,14.0,8.0
dairy-queen,Sundaes & Royal Treats,Medium Chocolate Sundae,20.0,20.0,11.0
dairy-queen,Sundaes & Royal Treats,Large Chocolate Sundae,28.0,28.0,16.0
dairy-queen,Sundaes & Royal Treats,Small Hot Fudge Sundae,15.0,15.0,9.0
dairy-queen,Sundaes & Royal Treats,Medium Hot Fudge Sundae,22.0,22.0,12.0
dairy-queen,Sundaes & Royal Treats,Large Hot Fudge Sundae,30.0,30.0,17.0
dairy-queen,Sundaes & Royal Treats,Peanut Buster Parfait,34.0,34.0,20.0
dairy-queen,Sundaes & Royal Treats,Small Pineapple Sundae,12.0,12.0,7.0
dairy-queen,Sundaes & Royal Treats,Medium Pineapple Sundae,17.0,17.0,9.0
dairy-queen,Sundaes & Royal Treats,Large Pineapple Sundae,24.0,24.0,14.0
dairy-queen,Sundaes & Royal Treats,Small Strawberry Sundae,11.0,11.0,7.0
dairy-queen,Sundaes & Royal Treats,Medium Strawberry Sundae,16.0,16.0,10.0
dairy-queen,Sundaes & Royal Treats,Large Strawberry Sundae,23.0,23.0,14.0
mcdonalds,Breakfast,Plain Bacon 'N Egg Bagel,17.0,19.0,15.0
mcdonalds,Breakfast,Multigrain Bacon 'N Egg Bagel,18.0,20.0,16.0
mcdonalds,Breakfast,Bacon 'N Egg McMuffin,8.0,10.0,8.0
mcdonalds,Breakfast,"Bacon, Egg & Cheese McGriddles",12.0,14.0,10.0
mcdonalds,Breakfast,Plain Bagel with Butter,10.0,10.0,8.0
mcdonalds,Breakfast,Cinnamon & Raisin Bagel with Butter,11.0,11.0,8.0
mcdonalds,Breakfast,Everything Bagel with Butter,10.0,10.0,8.0
mcdonalds,Breakfast,Multigrain Bagel with Butter,11.0,11.0,9.0
mcdonalds,Breakfast,Sesame Bagel with Butter,11.0,11.0,8.0
mcdonalds,Breakfast,Plain Bagel with Cream Cheese,13.0,13.0,10.0
mcdonalds,Breakfast,Cinnamon & Raisin Bagel with Cream Cheese,14.0,14.0,10.0
mcdonalds,Breakfast,Everything Bagel with Cream Cheese,13.0,13.0,10.0
mcdonalds,Breakfast,Sesame Bagel with Cream Cheese,13.0,13.0,10.0
mcdonalds,Breakfast,Multigrain Bagel with Cream Cheese,14.0,14.0,10.0
mcdonalds,Breakfast,Big Breakfast,21.0,21.0,17.0
mcdonalds,Breakfast,Plain BLT Bagel,16.0,16.0,13.0
mcdonalds,Breakfast,Multigrain BLT Bagel,18.0,18.0,14.0
mcdonalds,Breakfast,Breakfast Burrito,8.0,9.0,7.0
mcdonalds,Breakfast,Chicken McMuffin,10.0,11.0,10.0
mcdonalds,Breakfast,Plain Egg LT Bagel,14.0,16.0,12.0
mcdonalds,Breakfast,Multigrain Egg LT Bagel,14.0,16.0,13.0
mcdonalds,Breakfast,Egg McMuffin,7.0,9.0,7.0
mcdonalds,Breakfast,English Muffin with Butter,5.0,5.0,4.0
mcdonalds,Breakfast,Fruit & Maple Oatmeal,12.0,12.0,7.0
mcdonalds,Breakfast,Hash Browns,5.0,5.0,4.0
mcdonalds,Breakfast,Hot Caramel Sundae,17.0,17.0,9.0
mcdonalds,Breakfast,Hotcakes with Syrup & Butter,26.0,26.0,16.0
mcdonalds,Breakfast,Feta & Tomato More-Ning McWrap,14.0,14.0,11.0
mcdonalds,Breakfast,Bacon & Hash More-Ning McWrap,19.0,19.0,15.0
mcdonalds,Breakfast,Sausage & Hash More-Ning McWrap,23.0,23.0,19.0
mcdonalds,Breakfast,Cranberry Orange Muffin,15.0,15.0,10.0
mcdonalds,Breakfast,Fruit & Fibre Muffin,15.0,15.0,10.0
mcdonalds,Breakfast,Carrot Muffin,17.0,17.0,11.0
mcdonalds,Breakfast,Banana Chocolate Chunk Muffin,18.0,18.0,12.0
mcdonalds,Breakfast,Blueberry Muffin,17.0,17.0,12.0
mcdonalds,Breakfast,Sausage 'N Egg McMuffin,12.0,14.0,11.0
mcdonalds,Breakfast,Sausage McGriddles,15.0,15.0,11.0
mcdonalds,Breakfast,Sausage McMuffin,13.0,13.0,10.0
mcdonalds,Breakfast,"Sausage, Egg & Cheese McGriddles",17.0,19.0,14.0
mcdonalds,Burgers,Bacon & Cheddar Angus,25.0,25.0,20.0
mcdonalds,Burgers,Single Bacon 'n Crispy Onion Quarter Pounder,23.0,23.0,18.0
mcdonalds,Burgers,Double Bacon 'n Crispy Onion Quarter Pounder,30.0,30.0,24.0
mcdonalds,Burgers,Big Mac,17.0,17.0,14.0
mcdonalds,Burgers,Big Mac Bacon,21.0,21.0,17.0
mcdonalds,Burgers,Cheeseburger,10.0,10.0,8.0
mcdonalds,Burgers,Double Big Mac,22.0,22.0,18.0
mcdonalds,Burgers,Double Big Mac Bacon,26.0,26.0,22.0
mcdonalds,Burgers,Double Cheeseburger,14.0,14.0,11.0
mcdonalds,Burgers,Double Quarter Pounder without Cheese,21.0,21.0,17.0
mcdonalds,Burgers,Double Quarter Pounder with Cheese,24.0,24.0,20.0
mcdonalds,Burgers,Double Quarter Pounder BLT,30.0,30.0,24.0
mcdonalds,Burgers,Double Western BBQ Quarter Pounder,28.0,28.0,23.0
mcdonalds,Burgers,Hamburger,8.0,8.0,6.0
mcdonalds,Burgers,McDouble,12.0,12.0,10.0
mcdonalds,Burgers,Mighty Angus Original,26.0,26.0,21.0
mcdonalds,Burgers,Montreal Steak Spice BBQ Angus,23.0,23.0,19.0
mcdonalds,Burgers,Quarter Pounder without Cheese,14.0,14.0,11.0
mcdonalds,Burgers,Quarter Pounder with Cheese,17.0,17.0,14.0
mcdonalds,Burgers,Quarter Pounder BLT,20.0,20.0,16.0
mcdonalds,Burgers,Western BBQ Quarter Pounder,21.0,21.0,17.0
mcdonalds,Chicken McNuggets,4 Piece Chicken McNuggets,3.0,5.0,4.0
mcdonalds,Chicken McNuggets,6 Piece Chicken McNuggets,5.0,7.0,7.0
mcdonalds,Chicken McNuggets,10 Piece Chicken McNuggets,9.0,11.0,11.0
mcdonalds,Chicken McNuggets,20 Piece Chicken McNuggets,20.0,22.0,22.0
mcdonalds,Desserts,Baked Apple Pie,11.0,11.0,7.0
mcdonalds,Desserts,Snack Size Cadbury Creme Egg McFlurry,21.0,21.0,12.0
mcdonalds,Desserts,Regular Cadbury Creme Egg McFlurry,32.0,32.0,17.0
mcdonalds,Desserts,Small Chocolate Triple Thick Milkshake,28.0,28.0,15.0
mcdonalds,Desserts,Medium Chocolate Triple Thick Milkshake,38.0,38.0,21.0
mcdonalds,Desserts,Large Chocolate Triple Thick Milkshake,57.0,57.0,31.0
mcdonalds,Desserts,Hot Fudge Sundae,18.0,18.0,9.0
mcdonalds,Desserts,Snack Size M&M's McFlurry,21.0,21.0,11.0
mcdonalds,Desserts,Regular M&M's McFlurry,32.0,32.0,17.0
mcdonalds,Desserts,Snack Size Oreo McFlurry,17.0,17.0,9.0
mcdonalds,Desserts,Regular Oreo McFlurry,28.0,28.0,16.0
mcdonalds,Desserts,Child Size Shamrock Shake,24.0,24.0,14.0
mcdonalds,Desserts,Small Shamrock Shake,26.0,26.0,15.0
mcdonalds,Desserts,Medium Shamrock Shake,36.0,36.0,20.0
mcdonalds,Desserts,Large Shamrock Shake,55.0,55.0,31.0
mcdonalds,Desserts,Snack Size Skor McFlurry,19.0,19.0,10.0
mcdonalds,Desserts,Regular Skor McFlurry,27.0,27.0,15.0
mcdonalds,Desserts,Snack Size Squishmallows McFlurry,20.0,20.0,11.0
mcdonalds,Desserts,Regular Squishmallows McFlurry,31.0,31.0,17.0
mcdonalds,Desserts,Small Strawberry Triple Thick Milkshake,27.0,27.0,15.0
mcdonalds,Desserts,Medium Strawberry Triple Thick Milkshake,37.0,37.0,20.0
mcdonalds,Desserts,Large Strawberry Triple Thick Milkshake,57.0,57.0,31.0
mcdonalds,Desserts,Strawberry Yogurt Tube,1.0,1.0,1.0
mcdonalds,Desserts,Vanilla Ice Cream Cone,11.0,11.0,6.0
mcdonalds,Desserts,Small Vanilla Triple Thick Milkshake,26.0,26.0,15.0
mcdonalds,Desserts,Medium Vanilla Triple Thick Milkshake,35.0,35.0,20.0
mcdonalds,Desserts,Large Vanilla Triple Thick Milkshake,54.0,54.0,30.0
mcdonalds,Happy Meals,Cheeseburger Happy Meal,23.0,23.0,17.0
mcdonalds,Happy Meals,Chicken McNuggets Happy Meal,11.0,12.0,9.0
mcdonalds,Happy Meals,Grilled Chicken Snack Wrap Happy Meal,11.0,12.0,9.0
mcdonalds,Happy Meals,Crispy Chicken Snack Wrap Happy Meal,14.0,15.0,11.0
mcdonalds,Happy Meals,Hamburger Happy Meal,14.0,14.0,10.0
mcdonalds,Happy Meals,Hotcakes Happy Meal,19.0,19.0,13.0
mcdonalds,Salads,Caesar Side Salad,5.0,5.0,4.0
mcdonalds,Salads,Garden Fresh Side Salad,1.0,1.0,1.0
mcdonalds,Salads,I'm Greek-ing Out Salad with Grilled Chicken,6.0,8.0,8.0
mcdonalds,Salads,I'm Greek-ing Out Salad with Crispy Chicken,11.0,13.0,12.0
mcdonalds,Salads,"Keep Calm, Caesar On Salad with Grilled Chicken",9.0,11.0,9.0
mcdonalds,Salads,"Keep Calm, Caesar On Salad with Crispy Chicken",14.0,16.0,13.0
mcdonalds,Sandwiches & Wraps,Grilled Chicken & Bacon Signature McWrap,12.0,14.0,13.0
mcdonalds,Sandwiches & Wraps,Crispy Chicken & Bacon Signature McWrap,16.0,18.0,16.0
mcdonalds,Sandwiches & Wraps,Chicken Big Mac,17.0,19.0,17.0
mcdonalds,Sandwiches & Wraps,Grilled Chicken BLT Sandwich,14.0,16.0,15.0
mcdonalds,Sandwiches & Wraps,Crispy Chicken BLT Sandwich,19.0,21.0,19.0
mcdonalds,Sandwiches & Wraps,Chicken Caesar McWrap Grilled,10.0,11.0,11.0
mcdonalds,Sandwiches & Wraps,Chicken Caesar McWrap Crispy,15.0,17.0,15.0
mcdonalds,Sandwiches & Wraps,"Grilled Chicken, Tomato & Mozzarella Sandwich",12.0,14.0,13.0
mcdonalds,Sandwiches & Wraps,"Crispy Chicken, Tomato & Mozzarella Sandwich",18.0,20.0,17.0
mcdonalds,Sandwiches & Wraps,Grilled Chipotle Chicken Snack Wrap,5.0,7.0,6.0
mcdonalds,Sandwiches & Wraps,Crispy Chipotle Chicken Snack Wrap,7.0,9.0,8.0
mcdonalds,Sandwiches & Wraps,Double Filet-O-Fish,15.0,17.0,15.0
mcdonalds,Sandwiches & Wraps,Filet-O-Fish,10.0,12.0,11.0
mcdonalds,Sandwiches & Wraps,Junior Chicken,10.0,12.0,10.0
mcdonalds,Sandwiches & Wraps,McChicken,13.0,15.0,13.0
mcdonalds,Sandwiches & Wraps,McCrispy,13.0,15.0,14.0
mcdonalds,Sandwiches & Wraps,McCrispy Bacon Deluxe,16.0,17.0,16.0
mcdonalds,Sandwiches & Wraps,Grilled Ranch Chicken Snack Wrap,5.0,7.0,6.0
mcdonalds,Sandwiches & Wraps,Crispy Ranch Chicken Snack Wrap,7.0,9.0,8.0
mcdonalds,Sandwiches & Wraps,Southern BBQ Sandwich with Grilled Chicken,13.0,15.0,13.0
mcdonalds,Sandwiches & Wraps,Southern BBQ Sandwich with Crispy Chicken,18.0,20.0,17.0
mcdonalds,Sandwiches & Wraps,Spicier Szechuan McChicken,14.0,15.0,13.0
mcdonalds,Sandwiches & Wraps,Spiciest Ghost Pepper McChicken,13.0,15.0,13.0
mcdonalds,Sandwiches & Wraps,Spicy Habanero McChicken,13.0,15.0,13.0
mcdonalds,Sandwiches & Wraps,Sweet Chili Signature McWrap with Grilled Chicken,10.0,12.0,11.0
mcdonalds,Sandwiches & Wraps,Sweet Chili Signature McWrap with Crispy Chicken,14.0,16.0,14.0
mcdonalds,Sides,Apple Slices,2.0,2.0,1.0
mcdonalds,Sides,Brownie RMHC Cookie,6.0,6.0,4.0
mcdonalds,Sides,Chewy Oatmeal Caramel RMHC Cookie,7.0,7.0,5.0
mcdonalds,Sides,Chocolate Chunk RMHC Cookie,7.0,7.0,4.0
mcdonalds,Sides,Mini French Fries,4.0,4.0,3.0
mcdonalds,Sides,Small French Fries,7.0,7.0,6.0
mcdonalds,Sides,Medium French Fries,11.0,11.0,9.0
mcdonalds,Sides,Large French Fries,17.0,17.0,15.0
mcdonalds,Sides,Poutine,17.0,17.0,14.0
mcdonalds,Sides,Spicy Buffalo Chicken Poutine,31.0,33.0,27.0
subway,Rice Bowls,Crispy Chicken Bacon & Peppercorn Ranch Rice Bowl,23.0,24.0,22.0
subway,Rice Bowls,Green Goddess Veggie Rice Bowl,23.0,23.0,19.0
subway,Rice Bowls,Southwest Steak & Avocado Rice Bowl,19.0,19.0,16.0
subway,Rice Bowls,Sweet Onion Chicken Teriyaki Rice Bowl,15.0,17.0,13.0
subway,Rice Wraps,Crispy Chicken Bacon & Peppercorn Ranch Rice Wrap,26.0,27.0,25.0
subway,Rice Wraps,Green Goddess Veggie Rice Wrap,24.0,24.0,20.0
subway,Rice Wraps,Southwest Steak & Avocado Rice Wrap,25.0,25.0,21.0
subway,Rice Wraps,Sweet Onion Chicken Teriyaki Rice Wrap,21.0,22.0,18.0
subway,Salads,Black Forest Ham Salad,3.0,3.0,3.0
subway,Salads,Cold Cut Combo Salad,8.0,8.0,6.0
subway,Salads,Italian BMT Salad,8.0,8.0,7.0
subway,Salads,Sweet Onion Chicken Teriyaki Salad,8.0,9.0,6.0
subway,Salads,Tuna Salad,8.0,9.0,7.0
subway,Salads,Turkey Breast Salad,3.0,3.0,3.0
subway,Salads,Veggie Delight Salad,2.0,2.0,1.0
subway,Subway Sandwiches,Kids Mini Sub Black Forest Ham,5.0,5.0,5.0
subway,Subway Sandwiches,"6"" Black Forest Ham",8.0,8.0,7.0
subway,Subway Sandwiches,Footlong Black Forest Ham,16.0,16.0,14.0
subway,Subway Sandwiches,"6"" Chicken & Bacon Ranch",14.0,16.0,14.0
subway,Subway Sandwiches,Footlong Chicken & Bacon Ranch,29.0,32.0,28.0
subway,Subway Sandwiches,"6"" Cold Cut Combo",14.0,14.0,11.0
subway,Subway Sandwiches,Footlong Cold Cut Combo,28.0,28.0,23.0
subway,Subway Sandwiches,"6"" Italian B.M.T.",13.0,13.0,11.0
subway,Subway Sandwiches,Footlong Italian B.M.T.,26.0,26.0,21.0
subway,Subway Sandwiches,"6"" Meatball Marinara",16.0,16.0,12.0
subway,Subway Sandwiches,Footlong Meatball Marinara,32.0,32.0,25.0
subway,Subway Sandwiches,"6"" Oven Roasted Chicken",7.0,9.0,8.0
subway,Subway Sandwiches,Footlong Oven Roasted Chicken,14.0,17.0,16.0
subway,Subway Sandwiches,Footlong Pizza Sub Melt,6.0,6.0,23.0
subway,Subway Sandwiches,"6"" Pizza Sub Melt",15.0,15.0,12.0
subway,Subway Sandwiches,Kids Mini Sub Roast Beef,6.0,6.0,5.0
subway,Subway Sandwiches,"6"" Roast Beef",8.0,8.0,7.0
subway,Subway Sandwiches,Footlong Roast Beef,17.0,17.0,15.0
subway,Subway Sandwiches,"6"" Steak & Cheese",11.0,11.0,10.0
subway,Subway Sandwiches,Footlong Steak & Cheese,22.0,22.0,20.0
subway,Subway Sandwiches,"6"" Subway Club",8.0,8.0,8.0
subway,Subway Sandwiches,Footlong Subway Club,17.0,17.0,15.0
subway,Subway Sandwiches,"6"" Sweet Onion Chicken Teriyaki",10.0,11.0,9.0
subway,Subway Sandwiches,Footlong Sweet Onion Chicken Teriyaki,19.0,22.0,18.0
subway,Subway Sandwiches,"6"" Tuna",15.0,15.0,13.0
subway,Subway Sandwiches,Footlong Tuna,30.0,30.0,25.0
subway,Subway Sandwiches,Kids Mini Sub Turkey Breast,5.0,5.0,5.0
subway,Subway Sandwiches,"6"" Turkey Breast",8.0,8.0,7.0
subway,Subway Sandwiches,Footlong Turkey Breast,17.0,17.0,14.0
subway,Subway Sandwiches,"6"" Turkey Breast & Ham",8.0,8.0,7.0
subway,Subway Sandwiches,Footlong Turkey Breast & Ham,17.0,17.0,15.0
subway,Subway Sandwiches,Kids Mini Sub Veggie Delite,3.0,5.0,4.0
subway,Subway Sandwiches,"6"" Veggie Delite",5.0,7.0,6.0
subway,Subway Sandwiches,Footlong Veggie Delite,12.0,14.0,12.0
tim-hortons,Bagels,12 Grain Bagel,10.0,10.0,9.0
tim-hortons,Bagels,Cheese and Chive Bagel,10.0,10.0,8.0
tim-hortons,Bagels,Cinnamon Raisin Bagel,10.0,10.0,8.0
tim-hortons,Bagels,Everything Bagel,9.0,9.0,8.0
tim-hortons,Bagels,Four Cheese Bagel,9.0,9.0,8.0
tim-hortons,Bagels,Jalapeno Asiago Mozzarella Bagel,9.0,9.0,8.0
tim-hortons,Bagels,Maple Cinnamon French Toast Bagel,12.0,12.0,9.0
tim-hortons,Bagels,Plain Bagel,9.0,9.0,7.0
tim-hortons,Bagels,Roasted Garlic & Cheese Bagel,9.0,9.0,8.0
tim-hortons,Bagels,Sesame Seed Bagel,9.0,9.0,8.0
tim-hortons,Bagels,Sundried Tomato Asiago Parm Bagel,10.0,10.0,9.0
tim-hortons,Baked Goods & Desserts,Banana Chocolate Loaf,16.0,16.0,10.0
tim-hortons,Baked Goods & Desserts,Carrot Cake Muffin with Walnuts,14.0,14.0,9.0
tim-hortons,Baked Goods & Desserts,Chocolate Chip Muffin,18.0,18.0,12.0
tim-hortons,Baked Goods & Desserts,Chocolate Chunk Cookie,11.0,11.0,6.0
tim-hortons,Baked Goods & Desserts,Glazed Cinnamon Roll,12.0,12.0,9.0
tim-hortons,Baked Goods & Desserts,Frosted Cinnamon Roll,15.0,15.0,10.0
tim-hortons,Baked Goods & Desserts,Plain Croissant,10.0,10.0,7.0
tim-hortons,Baked Goods & Desserts,Cheese Croissant,11.0,11.0,8.0
tim-hortons,Baked Goods & Desserts,Cherry Cheese Danish,12.0,12.0,8.0
tim-hortons,Baked Goods & Desserts,Maple Pecan Danish,14.0,14.0,10.0
tim-hortons,Baked Goods & Desserts,Double Chocolate Cookie,12.0,12.0,7.0
tim-hortons,Baked Goods & Desserts,Fruit Explosion Muffin,13.0,13.0,9.0
tim-hortons,Baked Goods & Desserts,Lemon Poppyseed Loaf,14.0,14.0,9.0
tim-hortons,Baked Goods & Desserts,Blueberry Mini Strudel,2.0,2.0,2.0
tim-hortons,Baked Goods & Desserts,Apple Mini Strudel,2.0,2.0,2.0
tim-hortons,Baked Goods & Desserts,Oatmeal Raisin Spice Cookie,10.0,10.0,6.0
tim-hortons,Baked Goods & Desserts,Peanut Butter Cookie,12.0,12.0,8.0
tim-hortons,Baked Goods & Desserts,Raisin Bran Muffin,16.0,16.0,10.0
tim-hortons,Baked Goods & Desserts,Raisin Tea Biscuit,9.0,9.0,7.0
tim-hortons,Baked Goods & Desserts,Cheese Tea Biscuit,9.0,9.0,7.0
tim-hortons,Baked Goods & Desserts,Whole Grain Pecan Banana Bread Muffin,14.0,14.0,9.0
tim-hortons,Baked Goods & Desserts,Wild Blueberry Muffin,13.0,13.0,9.0
tim-hortons,Breakfast,Bagel B.E.L.T.,17.0,17.0,14.0
tim-hortons,Breakfast,Egg & Cheese Bagel Sandwich,10.0,12.0,10.0
tim-hortons,Breakfast,"Bacon, Egg & Cheese Bagel Sandwich",12.0,14.0,12.0
tim-hortons,Breakfast,"Sausage, Egg & Cheese Bagel Sandwich",16.0,18.0,15.0
tim-hortons,Breakfast,Egg & Cheese Biscuit Sandwich,10.0,12.0,9.0
tim-hortons,Breakfast,Simply Sausage Biscuit Sandwich,14.0,14.0,10.0
tim-hortons,Breakfast,"Bacon, Egg & Cheese Biscuit Sandwich",12.0,14.0,11.0
tim-hortons,Breakfast,"Sausage, Egg & Cheese Biscuit Sandwich",16.0,18.0,14.0
tim-hortons,Breakfast,Egg & Cheese Croissant Sandwich,13.0,15.0,11.0
tim-hortons,Breakfast,"Bacon, Egg & Cheese Croissant Sandwich",15.0,17.0,13.0
tim-hortons,Breakfast,"Sausage, Egg & Cheese Croissant Sandwich",19.0,21.0,16.0
tim-hortons,Breakfast,Egg & Cheese English Muffin Sandwich,7.0,9.0,7.0
tim-hortons,Breakfast,"Bacon, Egg & Cheese English Muffin Sandwich",9.0,11.0,8.0
tim-hortons,Breakfast,"Sausage, Egg & Cheese English Muffin Sandwich",13.0,15.0,11.0
tim-hortons,Breakfast,Farmer's Breakfast Sandwich,23.0,23.0,18.0
tim-hortons,Breakfast,Strawberry Greek Yogurt with Berries & Granola,10.0,10.0,7.0
tim-hortons,Breakfast,Vanilla Greek Yogurt with Berries & Granola,10.0,10.0,7.0
tim-hortons,Breakfast,Bacon Grilled Breakfast Wrap,14.0,14.0,11.0
tim-hortons,Breakfast,Sausage Grilled Breakfast Wrap,18.0,18.0,14.0
tim-hortons,Breakfast,Grilled Farmer's Breakfast Wrap,22.0,22.0,18.0
tim-hortons,Breakfast,Harvest Breakfast Sandwich,12.0,13.0,11.0
tim-hortons,Breakfast,Harvest Farmer's Breakfast Wrap,17.0,18.0,15.0
tim-hortons,Breakfast,Hash Brown,4.0,4.0,4.0
tim-hortons,Breakfast,Plain Oatmeal,5.0,5.0,4.0
tim-hortons,Breakfast,Mixed Berry Oatmeal,8.0,8.0,6.0
tim-hortons,Breakfast,Maple Oatmeal,9.0,9.0,6.0
tim-hortons,"Coffee, Espresso & Tea",Americano,0.0,0.0,0.0
tim-hortons,"Coffee, Espresso & Tea",Small Biebs Brew,6.0,6.0,3.0
tim-hortons,"Coffee, Espresso & Tea",Medium Biebs Brew,8.0,8.0,4.0
tim-hortons,"Coffee, Espresso & Tea",Large Biebs Brew,12.0,12.0,6.0
tim-hortons,"Coffee, Espresso & Tea",Small Cafe Mocha,10.0,10.0,5.0
tim-hortons,"Coffee, Espresso & Tea",Medium Cafe Mocha,15.0,15.0,7.0
tim-hortons,"Coffee, Espresso & Tea",Large Cafe Mocha,16.0,16.0,8.0
tim-hortons,"Coffee, Espresso & Tea",Extra Large Cafe Mocha,18.0,18.0,9.0
tim-hortons,"Coffee, Espresso & Tea",Cappuccino,5.0,5.0,3.0
tim-hortons,"Coffee, Espresso & Tea",Caramel Iced Latte,11.0,11.0,6.0
tim-hortons,"Coffee, Espresso & Tea",Caramel Latte,13.0,13.0,7.0
tim-hortons,"Coffee, Espresso & Tea",Small Dark Roast Coffee,0.0,0.0,0.0
tim-hortons,"Coffee, Espresso & Tea",Medium Dark Roast Coffee,0.0,0.0,0.0
tim-hortons,"Coffee, Espresso & Tea",Large Dark Roast Coffee,0.0,0.0,0.0
tim-hortons,"Coffee, Espresso & Tea",Extra Large Dark Roast Coffee,0.0,0.0,0.0
tim-hortons,"Coffee, Espresso & Tea",Small Decaffeinated Coffee,0.0,0.0,0.0
tim-hortons,"Coffee, Espresso & Tea",Medium Decaffeinated Coffee,0.0,0.0,0.0
tim-hortons,"Coffee, Espresso & Tea",Large Decaffeinated Coffee,0.0,0.0,0.0
tim-hortons,"Coffee, Espresso & Tea",Extra Large Decaffeinated Coffee,0.0,0.0,0.0
tim-hortons,"Coffee, Espresso & Tea",Espresso,0.0,0.0,0.0
tim-hortons,"Coffee, Espresso & Tea",Small French Vanilla Cappuccino,13.0,13.0,7.0
tim-hortons,"Coffee, Espresso & Tea",Medium French Vanilla Cappuccino,16.0,16.0,9.0
tim-hortons,"Coffee, Espresso & Tea",Large French Vanilla Cappuccino,22.0,22.0,12.0
tim-hortons,"Coffee, Espresso & Tea",Extra Large French Vanilla Cappuccino,28.0,28.0,15.0
tim-hortons,"Coffee, Espresso & Tea",Small Hot Chocolate,13.0,13.0,6.0
tim-hortons,"Coffee, Espresso & Tea",Medium Hot Chocolate,16.0,16.0,8.0
tim-hortons,"Coffee, Espresso & Tea",Large Hot Chocolate,23.0,23.0,11.0
tim-hortons,"Coffee, Espresso & Tea",Extra Large Hot Chocolate,29.0,29.0,14.0
tim-hortons,"Coffee, Espresso & Tea",Small Iced Capp,13.0,13.0,7.0
tim-hortons,"Coffee, Espresso & Tea",Medium Iced Capp,19.0,19.0,9.0
tim-hortons,"Coffee, Espresso & Tea",Large Iced Capp,25.0,25.0,12.0
tim-hortons,"Coffee, Espresso & Tea",Small Iced Coffee,6.0,6.0,3.0
tim-hortons,"Coffee, Espresso & Tea",Medium Iced Coffee,7.0,7.0,4.0
tim-hortons,"Coffee, Espresso & Tea",Large Iced Coffee,12.0,12.0,7.0
tim-hortons,"Coffee, Espresso & Tea",Iced Latte,4.0,4.0,3.0
tim-hortons,"Coffee, Espresso & Tea",Latte,6.0,6.0,4.0
tim-hortons,"Coffee, Espresso & Tea",Small Mocha Iced Capp,15.0,15.0,8.0
tim-hortons,"Coffee, Espresso & Tea",Medium Mocha Iced Capp,22.0,22.0,11.0
tim-hortons,"Coffee, Espresso & Tea",Large Mocha Iced Capp,28.0,28.0,14.0
tim-hortons,"Coffee, Espresso & Tea",Small Mocha Iced Coffee,7.0,7.0,4.0
tim-hortons,"Coffee, Espresso & Tea",Medium Mocha Iced Coffee,10.0,10.0,6.0
tim-hortons,"Coffee, Espresso & Tea",Mocha Iced Coffee,15.0,15.0,9.0
tim-hortons,"Coffee, Espresso & Tea",Mocha Iced Latte,10.0,10.0,5.0
tim-hortons,"Coffee, Espresso & Tea",Mocha Latte,11.0,11.0,6.0
tim-hortons,"Coffee, Espresso & Tea",Small Original Blend Coffee,0.0,0.0,0.0
tim-hortons,"Coffee, Espresso & Tea",Medium Original Blend Coffee,0.0,0.0,0.0
tim-hortons,"Coffee, Espresso & Tea",Large Original Blend Coffee,0.0,0.0,0.0
tim-hortons,"Coffee, Espresso & Tea",Extra Large Original Blend Coffee,0.0,0.0,0.0
tim-hortons,"Coffee, Espresso & Tea",Small Pumpkin Spice Iced Capp,20.0,20.0,11.0
tim-hortons,"Coffee, Espresso & Tea",Medium Pumpkin Spice Iced Capp,26.0,26.0,13.0
tim-hortons,"Coffee, Espresso & Tea",Large Pumpkin Spice Iced Capp,31.0,31.0,16.0
tim-hortons,"Coffee, Espresso & Tea",Small Pumpkin Spice Latte,12.0,12.0,6.0
tim-hortons,"Coffee, Espresso & Tea",Medium Pumpkin Spice Latte,16.0,16.0,8.0
tim-hortons,"Coffee, Espresso & Tea",Large Pumpkin Spice Latte,19.0,19.0,10.0
tim-hortons,"Coffee, Espresso & Tea",Tea Latte,6.0,6.0,4.0
tim-hortons,"Coffee, Espresso & Tea",Vanilla Iced Latte,8.0,8.0,4.0
tim-hortons,"Coffee, Espresso & Tea",Vanilla Latte,9.0,9.0,5.0
tim-hortons,Donuts,Apple Fritter Donut,12.0,12.0,8.0
tim-hortons,Donuts,Boston Cream Filled Donut,9.0,9.0,6.0
tim-hortons,Donuts,Canadian Maple Filled Donut,9.0,9.0,6.0
tim-hortons,Donuts,Chocolate Cruller,15.0,15.0,9.0
tim-hortons,Donuts,Chocolate Dip Donut,8.0,8.0,6.0
tim-hortons,Donuts,Chocolate Eclair,12.0,12.0,8.0
tim-hortons,Donuts,Chocolate Glazed Donut,12.0,12.0,8.0
tim-hortons,Donuts,Chocolate Marble Donut,12.0,12.0,8.0
tim-hortons,Donuts,Coconut Cream Donut,9.0,9.0,6.0
tim-hortons,Donuts,Double Chocolate Donut,11.0,11.0,7.0
tim-hortons,Donuts,Easter Nest Dream Donut,16.0,16.0,9.0
tim-hortons,Donuts,Honey Cruller,12.0,12.0,8.0
tim-hortons,Donuts,Honey Dip Donut,9.0,9.0,6.0
tim-hortons,Donuts,Long John,12.0,12.0,7.0
tim-hortons,Donuts,Maple Cruller,15.0,15.0,9.0
tim-hortons,Donuts,Maple Dip Donut,8.0,8.0,6.0
tim-hortons,Donuts,Maple Eclair,12.0,12.0,8.0
tim-hortons,Donuts,Maple Swirl Donut,9.0,9.0,6.0
tim-hortons,Donuts,Old Fashion Dip Donut,10.0,10.0,6.0
tim-hortons,Donuts,Old Fashion Glazed Donut,11.0,11.0,7.0
tim-hortons,Donuts,Old Fashion Plain Donut,8.0,8.0,5.0
tim-hortons,Donuts,Raspberry Filled Donut,8.0,8.0,5.0
tim-hortons,Donuts,Sour Cream Glazed Donut,14.0,14.0,9.0
tim-hortons,Donuts,Sour Cream Plain Donut,11.0,11.0,7.0
tim-hortons,Donuts,Strawberry Filled Donut,8.0,8.0,5.0
tim-hortons,Donuts,Strawberry Shortcake Donut,11.0,11.0,7.0
tim-hortons,Donuts,Strawberry Vanilla Filled Donut,9.0,9.0,6.0
tim-hortons,Donuts,Sugar Loop Donut,7.0,7.0,5.0
tim-hortons,Donuts,Toasted Coconut Timbits,4.0,4.0,3.0
tim-hortons,Drinks,Apple Juice,7.0,7.0,3.0
tim-hortons,Drinks,Small Creamy Chocolate Chill,20.0,20.0,10.0
tim-hortons,Drinks,Medium Creamy Chocolate Chill,28.0,28.0,14.0
tim-hortons,Drinks,Large Creamy Chocolate Chill,36.0,36.0,18.0
tim-hortons,Drinks,Small Frozen Lemonade,6.0,6.0,3.0
tim-hortons,Drinks,Medium Frozen Lemonade,9.0,9.0,5.0
tim-hortons,Drinks,Large Frozen Lemonade,12.0,12.0,6.0
tim-hortons,Drinks,Small Mixed Berry Real Fruit Chill,8.0,8.0,4.0
tim-hortons,Drinks,Medium Mixed Berry Real Fruit Chill,12.0,12.0,5.0
tim-hortons,Drinks,Large Mixed Berry Real Fruit Chill,15.0,15.0,7.0
tim-hortons,Drinks,Small Mixed Berry Smoothie with Greek Yogurt,8.0,8.0,4.0
tim-hortons,Drinks,Medium Mixed Berry Smoothie with Greek Yogurt,12.0,12.0,6.0
tim-hortons,Drinks,Large Mixed Berry Smoothie with Greek Yogurt,15.0,15.0,8.0
tim-hortons,Drinks,Orange Juice,8.0,8.0,4.0
tim-hortons,Drinks,Small Raspberry Frozen Lemonade,7.0,7.0,3.0
tim-hortons,Drinks,Medium Raspberry Frozen Lemonade,10.0,10.0,4.0
tim-hortons,Drinks,Large Raspberry Frozen Lemonade,13.0,13.0,6.0
tim-hortons,Drinks,Small Strawberry Banana Smoothie with Greek Yogurt,7.0,7.0,4.0
tim-hortons,Drinks,Medium Strawberry Banana Smoothie with Greek Yogurt,11.0,11.0,6.0
tim-hortons,Drinks,Large Strawberry Banana Smoothie with Greek Yogurt,14.0,14.0,7.0
tim-hortons,Drinks,Small Tropical Fruit Smoothie with Greek Yogurt,8.0,8.0,4.0
tim-hortons,Drinks,Medium Tropical Fruit Smoothie with Greek Yogurt,12.0,12.0,6.0
tim-hortons,Drinks,Large Tropical Fruit Smoothie with Greek Yogurt,15.0,15.0,8.0
tim-hortons,Drinks,Small Tropical Real Fruit Chill,8.0,8.0,4.0
tim-hortons,Drinks,Medium Tropical Real Fruit Chill,12.0,12.0,5.0
tim-hortons,Drinks,Large Tropical Real Fruit Chill,15.0,15.0,7.0
tim-hortons,Sandwiches and Wraps,Bacon Grilled Cheese Melt,20.0,20.0,16.0
tim-hortons,Sandwiches and Wraps,BLT Sandwich,12.0,12.0,11.0
tim-hortons,Sandwiches and Wraps,Chicken Bacon Ranch Wrap,12.0,13.0,11.0
tim-hortons,Sandwiches and Wraps,Chicken Ranch Wrap Snacker,4.0,5.0,4.0
tim-hortons,Sandwiches and Wraps,Chicken Salad Wrap,8.0,10.0,9.0
tim-hortons,Sandwiches and Wraps,Chicken Salad Wrap Snacker,4.0,5.0,5.0
tim-hortons,Sandwiches and Wraps,Chicken Strips,7.0,8.0,9.0
tim-hortons,Sandwiches and Wraps,Chipotle Cheddar Chicken Wrap,11.0,13.0,11.0
tim-hortons,Sandwiches and Wraps,Chipotle Chicken Wrap Snacker,4.0,5.0,5.0
tim-hortons,Sandwiches and Wraps,Grilled Cheese Melt,16.0,16.0,13.0
tim-hortons,Sandwiches and Wraps,Ham & Cheddar Sandwich,14.0,14.0,12.0
tim-hortons,Sandwiches and Wraps,Ham & Cheddar Wrap,12.0,12.0,10.0
tim-hortons,Sandwiches and Wraps,Turkey Bacon Club Wrap,12.0,12.0,11.0
tim-hortons,Sandwiches and Wraps,Turkey Melt,15.0,15.0,13.0
tim-hortons,Sides,Caesar Salad w/ dressing,11.0,11.0,9.0
tim-hortons,Sides,Garden Salad w/ dressing,5.0,5.0,4.0
tim-hortons,Sides,Poutine Poutine,17.0,17.0,13.0
tim-hortons,Sides,Savoury Potato Wedges,8.0,8.0,7.0
tim-hortons,Sides,White Bun,8.0,8.0,7.0
tim-hortons,Sides,Whole Wheat Bun,8.0,8.0,7.0
tim-hortons,Soups,Chicken Noodle Soup,3.0,4.0,3.0
tim-hortons,Soups,Chili,10.0,10.0,8.0
tim-hortons,Soups,Cream of Broccoli Soup,5.0,5.0,4.0
tim-hortons,Soups,East Coast Clam Chowder,6.0,6.0,5.0
tim-hortons,Soups,Harvest Vegetable Soup,2.0,2.0,2.0
tim-hortons,Soups,Hearty Potato Bacon Soup,9.0,9.0,6.0
tim-hortons,Soups,Regular Spicy Thai Chicken Soup,7.0,8.0,6.0
tim-hortons,Soups,Large Spicy Thai Chicken Soup,11.0,11.0,8.0
tim-hortons,Timbits,Apple Fritter Timbits,2.0,2.0,1.0
tim-hortons,Timbits,Birthday Cake Timbits,4.0,4.0,2.0
tim-hortons,Timbits,Chocolate Glazed Timbits,4.0,4.0,2.0
tim-hortons,Timbits,Chocolate Snow Ball Timbits,3.0,3.0,2.0
tim-hortons,Timbits,Chocolate Toasted Coconut Timbits,3.0,3.0,2.0
tim-hortons,Timbits,Honey Cruller Timbits,3.0,3.0,2.0
tim-hortons,Timbits,Honey Dip Timbits,2.0,2.0,1.0
tim-hortons,Timbits,Old Fashion Glazed Timbits,4.0,4.0,2.0
tim-hortons,Timbits,Old Fashion Plain Timbits,2.0,2.0,2.0
tim-hortons,Timbits,Old Fashion Sugar Timbits,2.0,2.0,2.0
tim-hortons,Timbits,Raspberry Filled Timbits,2.0,2.0,1.0
tim-hortons,Timbits,Snow Ball Timbits,2.0,2.0,2.0
tim-hortons,Timbits,Sour Cream Glazed Timbits,4.0,4.0,2.0
tim-hortons,Timbits,Sour Cream Plain Timbits,3.0,3.0,2.0
tim-hortons,Timbits,Strawberry Filled Timbits,2.0,2.0,1.0
tim-hortons,Timbits,Birthday Cake Waffle Timbiebs,3.0,3.0,2.0
tim-hortons,Timbits,Chocolate White Fudge Timbiebs,4.0,4.0,3.0
tim-hortons,Timbits,Sour Cream Chocolate Chip Timbiebs,5.0,5.0,3.0
tim-hortons,Timbits,Venetian Cream Filled Timbits,2.0,2.0,1.0
tim-hortons,Toppings and Spreads,Butter,3.0,3.0,2.0
tim-hortons,Toppings and Spreads,Light Plain Cream Cheese,4.0,4.0,3.0
tim-hortons,Toppings and Spreads,Plain Cream Cheese,6.0,6.0,3.0
tim-hortons,Toppings and Spreads,Light Strawberry Cream Cheese,6.0,6.0,4.0
tim-hortons,Toppings and Spreads,Herb and Garlic Cream Cheese,7.0,7.0,4.0
tim-hortons,Toppings and Spreads,Margarine,2.0,2.0,2.0
tim-hortons,Toppings and Spreads,Peanut Butter,3.0,3.0,3.0
tim-hortons,Toppings and Spreads,Strawberry Jam,3.0,3.0,2.0
